loss,accuracy
180.6020,0.0000
128.1936,0.0000
72.7437,0.0000
48.8743,0.0078
30.1056,0.0000
19.5663,0.0000
14.5175,0.0000
11.6385,0.0000
9.6245,0.0039
8.6910,0.0000
7.6056,0.0078
7.1827,0.0078
7.1141,0.0078
6.9731,0.0000
6.6395,0.0078
6.6381,0.0117
6.5097,0.0039
6.5793,0.0000
6.3649,0.0000
6.4170,0.0039
6.3060,0.0039
6.3441,0.0039
6.2346,0.0039
6.2009,0.0195
6.1628,0.0078
6.2570,0.0078
6.0116,0.0039
5.8639,0.0039
5.9696,0.0078
5.9709,0.0000
6.0183,0.0039
5.9965,0.0078
5.8863,0.0078
5.8048,0.0078
5.9230,0.0078
5.7801,0.0117
5.6550,0.0117
5.7630,0.0039
5.5667,0.0117
5.5772,0.0117
5.6942,0.0039
5.5283,0.0039
5.5662,0.0078
5.5177,0.0078
5.4584,0.0039
5.5556,0.0000
5.4270,0.0000
5.3659,0.0312
5.5016,0.0117
5.4277,0.0078
5.4105,0.0117
5.4347,0.0156
5.4094,0.0195
5.4592,0.0117
5.2934,0.0039
5.2860,0.0117
5.4135,0.0078
5.3998,0.0039
5.3159,0.0078
5.3209,0.0156
5.3188,0.0195
5.3316,0.0234
5.2747,0.0117
5.3410,0.0039
5.3093,0.0078
5.2577,0.0078
5.4606,0.0039
5.2828,0.0039
5.3684,0.0078
5.3739,0.0078
5.2391,0.0234
5.3704,0.0234
5.3435,0.0039
5.3345,0.0156
5.4071,0.0078
5.1768,0.0117
5.3006,0.0039
5.3353,0.0039
5.2443,0.0352
5.2921,0.0117
5.1427,0.0312
5.3141,0.0195
5.3442,0.0117
5.2849,0.0117
5.3649,0.0039
5.2149,0.0234
5.1945,0.0078
5.3036,0.0078
5.2257,0.0117
5.3642,0.0195
5.2204,0.0234
5.1978,0.0078
5.2957,0.0156
5.2879,0.0117
5.2205,0.0195
5.3578,0.0117
5.1180,0.0469
5.2890,0.0156
5.2066,0.0312
5.2998,0.0195
5.1988,0.0156
5.3143,0.0195
5.2986,0.0078
5.1802,0.0273
5.1572,0.0273
5.2367,0.0156
5.2313,0.0195
5.2653,0.0156
5.2450,0.0000
5.2938,0.0234
5.1540,0.0195
5.2098,0.0195
5.2939,0.0234
5.1476,0.0195
5.1977,0.0156
5.1592,0.0078
5.1799,0.0234
5.1625,0.0312
5.1915,0.0117
5.2162,0.0156
5.1322,0.0312
5.1597,0.0234
5.1716,0.0273
5.1725,0.0117
5.3098,0.0273
5.2305,0.0312
5.2085,0.0273
5.2095,0.0117
5.2106,0.0039
5.2674,0.0195
5.2409,0.0078
5.1840,0.0156
5.2796,0.0234
5.2088,0.0156
5.2136,0.0195
5.1467,0.0352
5.2404,0.0195
5.1766,0.0273
5.1394,0.0352
5.1322,0.0078
5.1995,0.0195
5.1946,0.0391
5.0686,0.0156
5.0893,0.0469
5.1618,0.0352
5.2855,0.0195
5.1376,0.0312
5.3638,0.0117
5.0986,0.0195
5.1683,0.0352
5.0674,0.0430
5.1530,0.0234
5.2300,0.0156
5.2640,0.0117
5.1923,0.0195
5.2456,0.0234
5.1969,0.0195
5.1966,0.0195
4.9660,0.0312
5.2297,0.0312
5.2267,0.0234
5.2651,0.0195
5.1823,0.0234
5.0509,0.0195
5.2020,0.0430
5.1309,0.0352
5.1402,0.0195
5.0871,0.0352
5.0471,0.0312
5.0388,0.0234
5.2336,0.0156
5.1925,0.0234
5.1973,0.0195
5.0431,0.0352
5.2259,0.0156
5.2394,0.0391
5.1509,0.0234
5.1319,0.0156
5.1653,0.0195
5.2098,0.0156
5.2039,0.0273
5.0533,0.0508
5.1807,0.0273
5.2875,0.0234
5.2438,0.0312
5.1564,0.0195
5.1595,0.0234
5.2169,0.0273
5.0366,0.0195
5.1710,0.0195
5.1616,0.0273
5.1386,0.0312
5.0244,0.0117
5.2956,0.0352
5.1151,0.0352
5.1680,0.0234
5.3061,0.0195
5.1821,0.0273
5.1563,0.0234
5.2194,0.0312
5.1523,0.0430
5.1827,0.0508
5.0592,0.0312
5.2569,0.0156
5.1666,0.0312
5.1435,0.0195
5.2323,0.0156
5.1633,0.0312
5.2057,0.0156
5.1856,0.0234
5.0596,0.0469
5.2154,0.0195
5.1454,0.0352
5.1772,0.0352
5.1089,0.0312
5.1212,0.0352
5.1304,0.0117
5.0768,0.0156
5.1228,0.0508
5.1944,0.0352
5.0461,0.0312
4.9075,0.0312
5.0995,0.0156
5.1778,0.0469
5.0430,0.0312
5.1410,0.0312
5.0745,0.0117
4.9754,0.0273
5.1573,0.0469
5.1997,0.0117
5.0810,0.0391
5.0812,0.0234
4.9800,0.0469
5.1594,0.0391
5.0477,0.0508
5.2209,0.0234
5.1311,0.0312
5.1101,0.0234
5.1162,0.0352
5.0710,0.0312
5.0435,0.0156
4.9257,0.0312
5.0140,0.0352
4.9901,0.0273
5.1392,0.0352
5.0030,0.0156
5.1408,0.0273
4.9249,0.0547
4.9974,0.0156
5.0964,0.0352
5.1017,0.0469
5.0529,0.0391
5.1904,0.0352
5.1198,0.0625
5.0767,0.0469
5.1575,0.0156
5.2011,0.0273
5.1301,0.0156
5.1596,0.0156
4.9970,0.0469
5.0092,0.0312
5.1515,0.0352
5.2266,0.0273
4.9851,0.0391
5.1742,0.0273
5.1522,0.0273
5.0873,0.0156
5.2031,0.0195
5.0188,0.0234
5.0083,0.0352
4.9780,0.0430
5.0028,0.0273
5.0760,0.0391
5.0728,0.0312
5.2789,0.0391
5.2146,0.0156
4.9987,0.0430
5.1511,0.0469
5.0522,0.0312
5.1413,0.0508
5.2650,0.0352
5.1102,0.0352
5.0691,0.0352
5.0500,0.0234
5.1521,0.0586
5.0890,0.0352
4.9572,0.0469
5.0725,0.0430
5.0777,0.0312
5.1677,0.0391
5.0231,0.0352
5.0966,0.0352
5.2857,0.0195
5.1189,0.0352
5.1158,0.0195
5.1788,0.0586
5.2144,0.0352
5.1332,0.0508
4.9901,0.0273
5.1283,0.0273
5.1634,0.0469
5.0934,0.0273
5.3215,0.0391
5.2162,0.0195
5.1659,0.0391
4.9859,0.0508
5.1186,0.0430
5.0715,0.0273
4.9947,0.0547
5.0346,0.0391
5.1659,0.0195
5.1526,0.0156
5.2130,0.0312
4.9293,0.0625
4.9637,0.0430
5.0576,0.0352
5.1069,0.0312
4.9928,0.0352
5.0404,0.0586
5.0788,0.0469
5.0380,0.0352
5.0186,0.0742
4.9091,0.0430
5.1152,0.0430
5.1163,0.0430
4.9771,0.0195
4.9349,0.0508
4.9507,0.0391
5.0558,0.0391
4.9366,0.0430
5.0217,0.0352
5.0578,0.0391
4.8947,0.0625
4.9735,0.0312
5.0238,0.0508
5.0971,0.0469
5.0925,0.0195
5.0134,0.0586
5.1497,0.0391
5.2392,0.0234
4.9960,0.0469
5.0902,0.0391
5.0956,0.0312
5.1833,0.0312
5.1203,0.0508
5.1003,0.0273
4.9743,0.0664
5.1517,0.0273
5.1173,0.0312
5.1671,0.0391
5.2124,0.0273
5.0255,0.0391
5.1252,0.0469
5.1916,0.0273
5.1052,0.0234
5.1170,0.0273
5.1743,0.0547
5.0394,0.0312
5.1460,0.0430
5.0090,0.0391
5.1058,0.0547
5.0084,0.0391
5.0868,0.0430
5.0593,0.0547
5.0606,0.0547
5.0874,0.0508
5.1233,0.0156
4.9128,0.0156
5.0883,0.0391
5.1714,0.0703
5.0785,0.0547
5.2115,0.0469
5.1114,0.0156
5.0042,0.0430
5.1237,0.0078
5.0857,0.0273
5.1880,0.0234
5.1218,0.0352
5.0945,0.0469
5.1423,0.0469
5.1843,0.0312
5.0693,0.0430
5.0171,0.0352
5.0942,0.0312
5.0726,0.0586
4.8987,0.0859
5.0882,0.0273
5.1345,0.0391
4.9444,0.0391
5.0815,0.0352
4.9720,0.0508
4.9816,0.0469
5.1400,0.0625
5.0519,0.0469
5.1519,0.0312
4.8775,0.0625
5.0443,0.0469
5.0976,0.0625
5.0725,0.0547
5.3055,0.0469
5.0991,0.0469
4.9118,0.0469
5.1007,0.0312
5.0112,0.0430
5.1477,0.0469
4.9627,0.0625
4.8659,0.0391
4.9878,0.0312
4.9888,0.0547
4.9948,0.0664
5.3156,0.0312
4.9385,0.0625
4.9967,0.0391
5.0265,0.0469
4.9671,0.0547
4.9828,0.0508
5.1546,0.0312
4.9740,0.0547
5.0165,0.0586
5.1041,0.0234
4.8761,0.0391
5.0193,0.0469
5.0387,0.0508
4.8970,0.0586
5.0888,0.0547
5.0924,0.0430
4.9282,0.0625
5.0208,0.0625
5.0342,0.0391
5.0780,0.0508
4.9881,0.0430
4.9255,0.0742
5.2175,0.0312
5.0506,0.0469
5.0337,0.0469
5.0158,0.0664
5.0768,0.0742
5.0839,0.0391
5.0787,0.0508
5.0126,0.0469
5.3430,0.0234
5.0050,0.0664
5.0000,0.0508
5.0714,0.0508
5.0002,0.0703
4.9341,0.0469
4.9950,0.0469
5.0384,0.0195
5.2382,0.0195
5.1512,0.0352
5.1189,0.0312
5.0781,0.0703
4.9761,0.0352
5.1388,0.0234
4.9587,0.0352
5.0991,0.0430
5.1277,0.0586
5.0663,0.0430
4.9357,0.0664
5.1799,0.0273
5.2193,0.0469
5.0933,0.0625
5.1500,0.0430
5.0503,0.0234
5.1009,0.0352
4.9682,0.0312
5.0266,0.0781
5.0321,0.0547
4.9765,0.0391
5.0748,0.0547
5.3093,0.0508
5.1048,0.0508
5.0237,0.0625
5.0536,0.0703
5.1666,0.0430
5.0202,0.0508
5.0905,0.0469
5.1431,0.0547
4.8907,0.0664
5.1973,0.0547
5.1422,0.0430
5.1722,0.0391
5.0144,0.0352
5.2138,0.0352
5.0931,0.0625
5.1329,0.0273
5.1309,0.0469
5.1865,0.0391
5.2752,0.0430
5.1412,0.0469
5.1845,0.0391
5.1920,0.0352
4.8463,0.0859
5.1785,0.0469
5.1106,0.0625
5.1725,0.0391
5.0306,0.0547
5.1135,0.0312
5.0326,0.0391
4.9959,0.0430
4.8564,0.0742
5.1399,0.0430
4.9476,0.0547
4.8769,0.0430
5.1347,0.0625
5.2006,0.0469
5.0473,0.0508
5.1660,0.0625
5.1428,0.0312
5.0098,0.0547
5.2766,0.0586
5.2349,0.0312
5.1596,0.0391
5.1479,0.0469
5.1735,0.0273
5.1971,0.0547
5.1028,0.0508
5.2627,0.0352
4.9979,0.0742
5.1358,0.0430
5.1101,0.0430
4.9862,0.0625
5.1922,0.0508
5.1490,0.0586
5.2148,0.0625
5.0445,0.0664
5.0918,0.0508
5.3297,0.0234
5.1206,0.0703
5.0621,0.0664
5.2572,0.0234
5.0783,0.0820
5.1780,0.0352
5.3491,0.0430
5.0433,0.0391
5.1536,0.0781
5.2280,0.0508
5.0927,0.0469
5.2156,0.0430
5.0316,0.0469
5.0716,0.0469
5.2347,0.0391
5.0833,0.0742
5.1275,0.0508
5.1478,0.0430
5.2795,0.0547
5.0540,0.0391
5.1248,0.0430
5.1160,0.0312
5.1317,0.0547
5.0100,0.0273
5.0740,0.0469
5.1256,0.0469
5.2510,0.0352
5.0431,0.0508
5.2197,0.0430
5.2004,0.0195
5.0109,0.0391
5.2338,0.0273
5.1207,0.0430
5.2351,0.0469
5.3001,0.0312
5.1479,0.0312
5.1671,0.0352
5.3107,0.0391
5.0853,0.0625
5.2588,0.0234
5.0619,0.0703
5.0922,0.0273
5.0974,0.0625
5.1538,0.0547
5.0751,0.0547
5.0951,0.0664
5.0770,0.0586
5.1495,0.0391
5.1297,0.0547
5.2106,0.0352
5.0925,0.0234
5.3047,0.0273
5.3035,0.0547
5.3574,0.0352
5.1792,0.0625
5.2362,0.0508
5.1019,0.0469
5.3301,0.0469
5.1588,0.0586
5.1696,0.0547
5.3487,0.0586
5.3128,0.0586
5.0905,0.0430
5.1084,0.0625
5.4119,0.0547
5.1740,0.0469
5.2542,0.0547
5.0808,0.0547
5.1532,0.0469
5.0746,0.0664
5.2291,0.0664
5.0779,0.0703
5.1436,0.0508
5.1398,0.0547
5.1137,0.0195
5.3325,0.0508
5.2821,0.0273
5.3212,0.0547
5.1755,0.0430
5.4078,0.0273
5.1766,0.0469
5.1193,0.0625
5.1484,0.0469
5.1919,0.0312
5.2776,0.0469
5.2425,0.0391
5.0102,0.0586
5.2521,0.0469
5.1689,0.0469
5.0151,0.0703
5.0933,0.0781
5.0766,0.0508
5.1263,0.0586
5.1317,0.0508
5.0989,0.0469
5.0816,0.0703
5.1391,0.0547
5.1813,0.0508
4.9763,0.0703
5.2594,0.0352
4.9844,0.0508
5.0956,0.0430
5.1728,0.0508
4.9927,0.0352
5.1355,0.0352
5.1556,0.0352
5.0138,0.0664
5.0487,0.0391
5.0950,0.0430
5.2677,0.0312
5.0522,0.0859
5.0997,0.0547
5.2846,0.0469
5.0758,0.0625
5.2522,0.0430
5.1583,0.0469
5.0575,0.0469
5.2537,0.0156
5.3589,0.0352
5.1986,0.0508
5.0536,0.0664
4.9893,0.0703
5.1071,0.0430
5.1065,0.0508
5.2042,0.0508
5.1481,0.0352
5.2666,0.0469
5.3061,0.0391
5.0374,0.0391
5.0577,0.0820
5.2165,0.0547
5.2934,0.0195
5.2027,0.0430
5.2248,0.0508
5.1515,0.0312
5.0931,0.0469
5.0599,0.0547
5.0556,0.0781
5.0147,0.0430
5.0381,0.0664
4.9951,0.0508
5.0045,0.0781
5.0678,0.0742
5.0042,0.0625
4.9436,0.0625
5.1951,0.0508
4.9743,0.0625
5.0052,0.0625
5.1494,0.0586
5.0451,0.0586
5.2531,0.0586
5.0239,0.0625
4.8515,0.1016
5.1662,0.0469
5.0249,0.0703
5.1128,0.0508
4.9708,0.0547
5.1764,0.0586
4.9655,0.0508
5.1427,0.0547
5.0785,0.0508
5.1282,0.0625
4.9406,0.0625
5.0685,0.0703
5.1272,0.0742
5.0879,0.0430
5.1999,0.0625
5.1665,0.0508
5.0950,0.0547
4.9533,0.0664
5.3835,0.0312
5.5259,0.0195
4.8772,0.0664
5.1982,0.0547
5.1169,0.0625
5.2322,0.0469
5.2007,0.0312
5.1804,0.0430
5.2295,0.0430
5.1639,0.0547
5.3784,0.0469
5.3427,0.0312
5.1335,0.0781
5.1741,0.0273
5.0516,0.0469
5.1783,0.0664
5.0753,0.0430
5.0359,0.0977
5.0742,0.0547
4.9960,0.0586
5.0811,0.0703
4.8975,0.0820
5.0446,0.0508
5.0077,0.0547
5.0835,0.0547
5.2038,0.0469
5.0638,0.0547
5.1211,0.0664
5.2629,0.0430
5.0533,0.0586
5.1140,0.0898
5.1763,0.0352
5.2259,0.0430
5.1124,0.0469
5.1817,0.0586
5.2034,0.0430
5.0904,0.0664
5.2943,0.0430
5.2284,0.0312
5.1208,0.0391
5.1555,0.0586
5.1090,0.0781
5.1817,0.0820
5.1348,0.0469
5.1221,0.0508
5.2322,0.0469
5.3144,0.0430
5.1881,0.0664
5.2346,0.0508
5.1950,0.0430
5.2794,0.0469
5.2023,0.0586
5.1331,0.0430
5.0678,0.0586
5.2110,0.0547
5.2996,0.0508
5.1721,0.0703
5.0716,0.0586
5.2396,0.0430
4.9487,0.0586
5.2769,0.0586
5.2437,0.0469
5.1125,0.0586
5.1588,0.0430
5.0894,0.0430
5.1106,0.0430
5.1525,0.0781
4.9528,0.0508
5.1083,0.0508
5.0909,0.0781
5.2165,0.0781
5.1039,0.0664
5.2292,0.0312
5.2061,0.0352
5.0369,0.0625
5.0220,0.0430
5.1501,0.0586
4.9348,0.0586
5.1159,0.0391
4.9698,0.0781
5.0857,0.0586
5.1758,0.0859
5.3644,0.0508
5.1879,0.0352
4.9015,0.0664
5.1367,0.0898
5.0694,0.0469
5.1358,0.0508
5.2094,0.0508
4.9637,0.0664
5.3288,0.0664
5.2546,0.0547
5.1803,0.0508
5.2846,0.0469
5.2111,0.0508
5.2689,0.0391
5.0760,0.0391
5.4289,0.0469
5.2744,0.0547
5.0148,0.0469
5.1572,0.0195
4.9759,0.0781
5.1531,0.0312
5.1940,0.0859
5.0990,0.0664
5.1245,0.0625
5.2844,0.0625
5.1496,0.0586
5.0395,0.0352
5.2945,0.0430
5.2209,0.0430
5.3286,0.0391
5.1975,0.0469
5.1606,0.0469
5.2139,0.0742
5.1433,0.0703
5.2229,0.0547
5.1629,0.0547
5.2396,0.0625
5.4805,0.0430
5.2406,0.0703
5.2245,0.0273
5.0698,0.0664
5.3146,0.0664
5.1027,0.0586
5.2115,0.0508
5.1376,0.0469
5.1614,0.0469
5.2184,0.0508
5.1995,0.0781
5.0521,0.0508
5.2812,0.0508
5.3892,0.0312
5.2614,0.0547
5.2184,0.0469
5.1848,0.0586
5.1283,0.0703
5.3787,0.0742
5.3442,0.0430
5.2425,0.0586
5.1168,0.0234
5.1530,0.0820
5.2382,0.0625
5.3181,0.0547
5.2001,0.0703
5.0529,0.0820
5.3819,0.0586
5.3654,0.0391
5.3366,0.0430
5.0881,0.0664
5.3440,0.0508
5.2045,0.0547
5.3410,0.0352
5.2381,0.0547
5.2644,0.0547
4.9914,0.0703
5.1474,0.0625
5.2047,0.0430
5.1793,0.0508
5.2739,0.0547
5.1185,0.0430
5.5069,0.0547
5.1092,0.0469
5.1385,0.0547
5.3427,0.0547
5.2174,0.0547
5.1811,0.0703
5.2975,0.0586
5.0941,0.0547
5.0867,0.0625
5.2859,0.0820
5.1872,0.0703
5.1141,0.0547
5.3319,0.0391
5.0167,0.0898
5.4712,0.0156
5.1563,0.0547
5.2251,0.0508
5.1256,0.0664
5.2642,0.0625
5.0940,0.0586
5.0887,0.0820
5.1728,0.0508
5.1114,0.0664
5.0176,0.0586
5.1704,0.1016
5.3321,0.0625
5.4324,0.0547
5.3314,0.0508
5.2017,0.0547
5.0015,0.0781
5.2355,0.0508
5.1480,0.0508
5.2732,0.0703
5.1788,0.0625
4.9800,0.0703
5.1548,0.0391
5.0358,0.0625
5.1562,0.0547
5.1011,0.0469
5.0476,0.0391
5.1779,0.0664
5.0698,0.0625
5.2241,0.0508
5.1027,0.0234
4.9811,0.0273
5.3675,0.0391
5.2161,0.0312
4.9846,0.0625
5.1857,0.0430
5.1908,0.0469
5.1025,0.0703
5.3394,0.0273
5.3829,0.0469
5.1628,0.0352
5.4061,0.0391
5.0608,0.0547
5.2377,0.0742
5.1232,0.0586
5.1226,0.0547
5.1517,0.0703
5.1170,0.0586
5.1849,0.0664
5.2812,0.0664
5.2240,0.0625
5.0962,0.0547
5.2366,0.0430
5.0378,0.0703
5.2384,0.0508
5.4005,0.0469
5.0869,0.0703
5.1857,0.0938
5.1739,0.0625
5.2942,0.0391
5.2035,0.0352
5.1153,0.0469
5.4372,0.0703
5.2466,0.0820
5.1943,0.0547
5.1268,0.0664
5.2932,0.0625
5.2409,0.0508
5.0950,0.0742
5.3117,0.0508
5.2623,0.0391
5.3321,0.0352
5.1699,0.0469
5.3011,0.0781
5.3473,0.0430
5.5261,0.0469
5.4847,0.0508
5.1368,0.0703
5.4074,0.0586
5.0123,0.0703
5.1720,0.0781
5.1735,0.0430
5.3384,0.0391
5.3599,0.0352
5.3263,0.0352
5.2903,0.0273
5.4847,0.0625
5.3289,0.0703
5.1939,0.0547
5.4776,0.0625
5.1737,0.0625
5.3119,0.0352
5.2623,0.0508
5.1348,0.0781
5.2767,0.0547
5.3122,0.0469
5.1074,0.0430
5.4439,0.0430
5.1380,0.0625
5.1478,0.0625
5.3146,0.0469
5.3634,0.0430
5.2879,0.0547
5.1666,0.0820
5.0008,0.1016
5.3652,0.0742
5.1988,0.0742
5.3869,0.0664
5.4492,0.0508
5.3959,0.0234
5.2937,0.0664
5.3808,0.0664
5.3208,0.0547
5.4059,0.0312
5.1970,0.0352
5.3133,0.0859
5.0897,0.0859
5.4213,0.0352
5.1480,0.0625
5.1386,0.0664
5.4344,0.0703
5.0710,0.0664
5.1979,0.0938
5.2673,0.0625
5.1876,0.0469
5.2323,0.0664
5.0910,0.0703
5.2115,0.0625
5.1320,0.0664
5.4283,0.0742
5.1601,0.0625
5.2474,0.0547
5.2254,0.0391
5.1532,0.0625
5.0134,0.0547
5.1381,0.0469
5.2079,0.0859
5.1911,0.0586
4.9744,0.0547
5.3917,0.0664
5.0339,0.0742
5.0423,0.0820
5.1815,0.0586
4.9865,0.0391
5.0038,0.0430
5.2263,0.0391
5.2810,0.0859
4.9953,0.0977
5.1528,0.0664
5.0264,0.0430
5.1013,0.0625
5.0214,0.0664
5.2331,0.0586
5.2122,0.0703
5.2702,0.0469
5.0868,0.0781
5.1190,0.0547
5.1936,0.0547
4.9558,0.0586
5.1135,0.0742
5.0450,0.0586
5.1219,0.0742
5.1724,0.0703
5.1790,0.0781
5.1600,0.0898
5.1937,0.0664
5.2508,0.0664
5.1067,0.0625
5.1806,0.0781
5.3139,0.0508
5.0652,0.0391
5.0423,0.0547
5.2094,0.0547
5.0567,0.0742
5.0663,0.0508
5.1897,0.0664
4.9638,0.0469
5.2777,0.0469
4.9997,0.0469
5.3941,0.0391
5.2238,0.0508
5.0987,0.0352
5.1737,0.0469
5.1782,0.0469
5.1264,0.0508
5.1100,0.0625
5.0989,0.0547
5.3441,0.0469
4.9757,0.0820
5.2403,0.0430
5.4335,0.0352
5.0726,0.0625
5.1944,0.0352
5.1018,0.0820
5.0451,0.0781
5.1639,0.0586
5.2016,0.0703
5.0940,0.0625
5.2012,0.0586
5.1299,0.0586
5.1725,0.0508
5.0832,0.0898
5.1232,0.0664
5.3234,0.0391
5.1121,0.0508
5.2561,0.0469
5.0493,0.0781
5.2463,0.0625
5.2575,0.0742
5.1189,0.0625
5.1736,0.0664
5.1354,0.0664
5.2931,0.0469
5.1489,0.0625
5.2475,0.0703
5.0702,0.0664
5.1482,0.0586
5.3148,0.0664
5.3194,0.0430
5.1041,0.0625
5.0574,0.0547
5.5221,0.0352
5.1739,0.0664
5.0670,0.0781
5.1144,0.0469
5.1187,0.0625
5.0561,0.0664
5.2697,0.0547
5.1197,0.0625
5.2077,0.0586
5.3926,0.0625
5.1855,0.0820
5.3075,0.0508
5.2146,0.0508
5.2585,0.0781
5.1527,0.0703
5.3205,0.0391
5.2239,0.0820
5.1964,0.0586
5.2046,0.0781
5.1514,0.0781
5.1746,0.0469
5.1844,0.0664
5.3051,0.0508
5.2299,0.0703
5.1391,0.0781
4.9483,0.0664
5.1238,0.0781
5.2519,0.0586
5.1500,0.0664
5.2224,0.0469
5.2685,0.0781
5.4301,0.0586
5.1997,0.0898
5.2026,0.0586
5.1666,0.0664
5.4630,0.0547
5.2260,0.0703
5.3216,0.0391
5.2862,0.0586
5.3197,0.0273
5.1312,0.0625
5.2174,0.0508
5.3560,0.0547
5.2762,0.0547
5.1461,0.0742
5.0505,0.0781
5.3547,0.0625
5.1729,0.0781
5.2012,0.0547
5.3746,0.0391
5.0548,0.0703
5.1770,0.0742
4.9889,0.0820
5.3084,0.0430
5.4083,0.0391
5.2616,0.0430
5.2667,0.0625
5.1743,0.0625
5.3106,0.0586
5.1783,0.0625
5.2854,0.0625
5.1568,0.0938
5.2818,0.0547
5.3965,0.0469
5.3021,0.0156
5.2692,0.0273
4.9923,0.0703
5.2498,0.0781
5.0798,0.0742
5.1557,0.0547
5.2308,0.0234
5.1837,0.0547
5.0766,0.0820
5.3617,0.0664
5.3282,0.0625
5.2823,0.0547
5.2204,0.0742
5.1413,0.0430
5.1042,0.0781
5.0167,0.0664
5.4424,0.0312
5.2441,0.0547
5.2514,0.0664
5.2242,0.0547
5.1058,0.0703
5.2239,0.0742
5.2199,0.0352
5.3942,0.0469
5.1852,0.0625
5.3156,0.0703
4.9906,0.0742
5.1423,0.0703
5.0058,0.1055
5.1691,0.0664
5.1416,0.0742
5.3011,0.0586
5.1163,0.0547
5.0347,0.0625
4.9396,0.0625
5.4557,0.0352
5.2865,0.0352
5.2902,0.0547
5.1999,0.0781
5.2376,0.0898
5.2972,0.0781
5.2632,0.0430
5.5457,0.0508
5.1862,0.0625
5.2321,0.0547
5.3047,0.0430
5.2098,0.0273
5.3167,0.0430
5.3865,0.0391
5.2186,0.0664
5.1153,0.0664
5.2970,0.0469
5.0750,0.0742
5.3795,0.0586
5.3359,0.0547
5.2676,0.0586
5.0298,0.0781
5.1027,0.0508
5.2363,0.0781
5.1507,0.0898
5.2727,0.0820
5.3154,0.0547
5.4373,0.0664
5.1478,0.0742
5.0882,0.0742
5.0965,0.0781
5.1370,0.0703
5.2052,0.0859
5.1881,0.0625
5.2648,0.0859
5.4013,0.0508
5.3384,0.0742
5.3335,0.0820
5.1314,0.0898
5.1979,0.0391
5.3639,0.0508
5.2162,0.0742
5.1905,0.0703
5.1143,0.0703
5.2112,0.0586
5.1545,0.0664
5.1753,0.0664
5.2761,0.0547
5.0575,0.0781
5.1247,0.0820
5.1965,0.0625
5.3554,0.0508
5.0904,0.0664
5.3604,0.0742
5.2557,0.0352
5.1148,0.0742
5.1109,0.0703
5.2545,0.0586
5.1009,0.0273
5.2266,0.0508
5.2507,0.0430
4.9850,0.0664
5.2670,0.0625
5.2686,0.0586
5.3201,0.0703
5.0959,0.0703
5.0969,0.0977
5.1254,0.0703
5.3344,0.0703
5.0520,0.0938
5.1536,0.0547
5.2764,0.0391
5.1655,0.0547
5.1503,0.0664
5.2672,0.0430
5.2349,0.0781
5.0035,0.0977
5.2987,0.0625
5.1156,0.0703
5.2508,0.1016
5.0900,0.0820
5.2495,0.0703
5.1458,0.0703
5.0711,0.0859
4.9683,0.0625
5.3056,0.0586
5.1645,0.0586
5.2490,0.0742
5.1046,0.0586
5.3948,0.0859
5.2031,0.0703
5.0722,0.0742
5.2293,0.0703
5.0803,0.0508
5.1019,0.0742
5.2897,0.0586
5.1111,0.1133
5.0150,0.0781
5.3338,0.0977
5.4181,0.0547
5.3418,0.0352
5.1175,0.0859
5.3477,0.0625
5.3920,0.0664
5.2382,0.0781
5.2782,0.0664
5.2205,0.0742
5.0408,0.0781
5.2314,0.0703
5.2341,0.0742
5.1750,0.0586
5.1984,0.0664
5.2334,0.0547
5.0677,0.1055
5.2628,0.0742
5.2055,0.0820
5.0889,0.0898
5.2526,0.0508
5.3449,0.0781
5.1519,0.0781
5.3506,0.0742
5.0557,0.0742
5.1343,0.0547
5.1554,0.1094
5.1872,0.0820
5.1915,0.0391
5.2766,0.0781
5.0262,0.0742
5.0853,0.0742
5.1876,0.0742
5.2573,0.0938
5.1920,0.0664
5.1747,0.0664
5.1924,0.0820
5.0879,0.0742
5.2757,0.0664
5.4429,0.0820
5.2009,0.0625
5.2329,0.0391
5.1273,0.0977
5.1484,0.0664
5.1915,0.0508
5.1862,0.1094
5.2405,0.0859
4.9816,0.1172
5.3767,0.0742
5.1300,0.0547
5.3858,0.0781
5.2080,0.0938
5.1960,0.0781
5.2090,0.0625
5.3050,0.0469
5.2738,0.0469
5.2729,0.0586
5.1061,0.0703
5.1644,0.0703
5.3607,0.0742
5.0403,0.0938
5.0256,0.0625
5.3484,0.0430
5.1255,0.1055
5.0292,0.0781
5.1159,0.1055
5.2985,0.0625
5.5125,0.0625
5.3226,0.0469
5.2010,0.0664
5.2247,0.0430
5.3729,0.0469
5.4228,0.0781
5.2202,0.0586
5.3622,0.0742
5.3061,0.0469
5.2924,0.0625
5.2431,0.1094
5.3360,0.0508
5.3093,0.0664
5.0309,0.0742
5.3352,0.0820
5.2361,0.0469
5.2688,0.0586
4.9935,0.0898
5.3568,0.0938
5.1229,0.0508
5.0317,0.0742
5.3519,0.0430
5.0639,0.0664
5.2649,0.0781
5.2850,0.0625
5.2842,0.0664
5.3897,0.0664
5.4102,0.0547
5.1586,0.0742
5.2094,0.0742
5.3157,0.0586
5.2923,0.0586
5.4387,0.0586
5.3356,0.0469
5.1054,0.0273
5.1876,0.0469
5.2730,0.0664
5.4109,0.0781
5.2010,0.0547
5.4608,0.0664
5.3343,0.0508
5.2533,0.0586
5.3420,0.0508
5.2722,0.0625
5.2092,0.0469
5.1220,0.0820
5.3281,0.0898
5.0797,0.0742
5.1578,0.0625
5.1094,0.0781
5.2788,0.0859
5.0732,0.0938
5.4081,0.0625
5.2259,0.0781
5.2846,0.0508
5.2825,0.0742
5.2287,0.0938
5.1276,0.0664
5.5642,0.0781
5.0829,0.0938
5.0180,0.0742
5.1271,0.0938
5.2777,0.0938
5.3173,0.0430
5.2091,0.0820
5.1518,0.0781
5.1254,0.0703
5.1958,0.0938
5.1533,0.1055
5.0901,0.0742
5.5094,0.0820
5.2691,0.0664
5.1785,0.0781
5.1041,0.0703
5.3819,0.0430
5.1477,0.0742
5.1865,0.0430
5.2439,0.0586
5.1400,0.0664
5.1954,0.0742
5.0262,0.0781
5.0394,0.0938
5.0206,0.0977
5.1317,0.0938
5.3356,0.0625
5.0997,0.0781
5.0145,0.1172
5.1229,0.0781
5.1398,0.0508
4.9734,0.0625
5.1496,0.1055
5.2085,0.0742
5.2125,0.0547
5.2576,0.0664
5.1703,0.0898
5.2877,0.0586
5.2415,0.0742
5.2375,0.0664
5.1795,0.0742
4.9756,0.1016
5.0399,0.0820
4.9303,0.0977
5.1361,0.0703
4.9711,0.1016
5.1375,0.0625
5.0517,0.1094
5.2493,0.0547
5.1318,0.0898
5.0408,0.0938
5.3407,0.0625
5.1241,0.0625
5.3156,0.0547
4.8464,0.1172
5.1950,0.0703
5.3140,0.0664
4.9631,0.0898
5.3669,0.0625
5.3546,0.0586
5.3523,0.0625
5.3047,0.0430
5.1385,0.0781
5.1461,0.0742
5.2898,0.0742
5.1272,0.0625
5.2435,0.0703
4.9744,0.1289
5.4042,0.0352
5.3134,0.0742
5.0422,0.1094
5.1436,0.0977
5.0166,0.0977
5.0064,0.1016
5.1296,0.0703
5.3934,0.0586
5.0938,0.0664
5.2913,0.0664
5.3851,0.0703
5.1655,0.0586
5.0155,0.0977
5.2240,0.0742
5.3603,0.0625
5.2330,0.0586
5.2292,0.0391
5.3021,0.0742
5.1974,0.0859
5.2437,0.0820
5.3008,0.0625
5.1221,0.0781
4.9635,0.0547
5.1995,0.0703
5.1017,0.0586
5.0128,0.0742
5.0970,0.0938
5.1997,0.0898
5.1787,0.0547
5.3357,0.1094
5.2406,0.0625
5.1697,0.0781
5.3964,0.0703
5.1871,0.0703
5.1043,0.0820
5.1405,0.0703
5.1336,0.0625
5.2237,0.0820
4.9802,0.0938
5.2058,0.0664
5.2631,0.0664
5.3677,0.0508
5.2728,0.0508
5.2323,0.0703
5.2061,0.0625
5.1891,0.0859
5.2163,0.0547
4.9539,0.1055
5.3492,0.0430
5.4503,0.0703
5.1851,0.0625
5.1541,0.0742
5.2249,0.0898
5.2791,0.0547
5.3368,0.0859
5.2199,0.0742
5.2100,0.0586
5.2418,0.0742
5.1892,0.0742
5.1199,0.1016
5.1288,0.0859
5.2734,0.0430
5.2566,0.0703
4.8666,0.0977
5.0682,0.0859
5.2940,0.0508
4.9850,0.1172
5.2465,0.0664
5.4481,0.0859
5.1182,0.1016
5.2641,0.0664
5.0160,0.1055
5.0045,0.1172
4.9553,0.0977
5.0502,0.0742
5.0323,0.0938
5.1855,0.0742
5.0913,0.0781
4.9628,0.0859
4.9535,0.1133
4.9228,0.0781
5.3252,0.0781
5.4776,0.0938
5.0976,0.0820
5.1373,0.1055
5.1890,0.0664
5.1115,0.0508
5.1312,0.0703
5.1476,0.0859
5.0865,0.0742
5.1446,0.0586
5.1479,0.1172
5.3074,0.0898
5.4150,0.0703
5.1037,0.0898
5.2895,0.0352
5.3825,0.0469
5.2161,0.0859
5.3109,0.0977
5.2451,0.0859
5.1419,0.0703
5.2778,0.0938
5.1628,0.0859
5.2163,0.1016
5.2244,0.0547
5.3301,0.0625
5.0155,0.0938
5.1196,0.0859
5.2068,0.0625
5.1174,0.0859
5.2676,0.0508
5.1823,0.0625
5.2742,0.0703
5.2004,0.0430
4.8908,0.0859
5.0528,0.0977
5.1124,0.0859
5.1265,0.0625
5.1063,0.0703
5.2904,0.0625
5.1402,0.0742
4.9362,0.1016
5.2654,0.0938
5.0166,0.1055
5.1647,0.0859
5.0154,0.0859
5.0507,0.0938
5.2321,0.0781
5.2122,0.0742
5.0672,0.1016
5.2648,0.0898
5.2296,0.0781
5.5496,0.0508
5.1832,0.1328
4.9804,0.0977
5.0924,0.0820
5.1429,0.0938
4.9525,0.0898
5.4382,0.0469
5.2809,0.0508
5.2347,0.0781
5.0892,0.0781
5.1925,0.0742
5.0342,0.0977
5.1303,0.0820
5.2656,0.0820
5.2313,0.0781
5.1803,0.0820
4.9611,0.0977
5.3245,0.0938
5.2735,0.0938
5.1887,0.0781
5.0041,0.1250
5.1735,0.0586
5.4341,0.0703
5.0409,0.1250
5.1057,0.0859
5.0444,0.1094
5.4313,0.0547
5.5184,0.0742
5.0179,0.1172
5.1568,0.0703
5.2631,0.0859
5.3888,0.0547
5.2892,0.0820
5.4031,0.0664
5.2536,0.0625
5.1838,0.0859
5.2312,0.0938
5.3650,0.0430
4.9764,0.1055
5.2444,0.0820
5.2484,0.0781
5.0128,0.0898
5.1413,0.0664
5.2388,0.0938
5.0665,0.0742
5.1526,0.0977
4.9847,0.1055
5.2819,0.0391
5.2193,0.0625
4.9503,0.0664
4.9574,0.1484
5.1301,0.0859
5.1608,0.1250
5.2040,0.0938
5.0695,0.0859
5.1068,0.1016
5.4309,0.1016
5.0896,0.1094
4.9562,0.1406
5.2108,0.0938
5.4068,0.0625
5.3021,0.0625
4.9521,0.1328
5.1479,0.0625
5.2015,0.0508
5.3828,0.0742
5.2629,0.0664
5.2619,0.0859
5.2457,0.1250
5.2079,0.1250
5.0148,0.1094
5.2126,0.0664
5.1198,0.1211
5.0419,0.0938
5.2530,0.0781
5.1517,0.0820
4.9145,0.1445
5.6098,0.0547
5.0376,0.1133
5.1222,0.1094
5.3891,0.0859
5.1976,0.0703
5.2307,0.0703
5.1749,0.1133
5.0290,0.0977
5.2715,0.0898
5.0962,0.0625
5.1922,0.0703
5.0492,0.0938
5.3703,0.1211
5.0698,0.0742
5.2106,0.0898
5.2849,0.0781
5.0464,0.0859
5.0264,0.0898
5.2822,0.0703
5.0719,0.1211
5.1670,0.1055
5.1004,0.0742
5.0871,0.0820
5.3052,0.0703
5.2288,0.0820
5.1374,0.0742
5.2378,0.0781
5.0582,0.1172
5.0887,0.0859
5.1948,0.1016
5.1589,0.1016
5.1460,0.1016
5.3975,0.0977
5.1049,0.0742
5.2336,0.0859
5.2136,0.0977
5.2233,0.0625
5.2823,0.0820
5.2145,0.1133
5.0485,0.0820
5.2092,0.0820
5.0970,0.0742
5.0659,0.1016
5.0872,0.1016
5.0404,0.1328
5.2784,0.1094
5.0063,0.0898
5.3573,0.0742
4.9453,0.1172
5.0540,0.0859
5.4253,0.0898
5.1732,0.0938
5.0521,0.1055
5.1227,0.0898
5.2087,0.0781
5.0757,0.1211
5.1853,0.0430
5.0185,0.0742
5.3965,0.0664
5.3965,0.0742
5.2934,0.0938
5.0822,0.1016
5.1760,0.0703
5.1911,0.0781
4.8884,0.1094
5.1526,0.0938
5.4629,0.0547
5.3619,0.0508
4.9436,0.0781
4.9942,0.0859
5.2397,0.0820
5.0988,0.0820
5.1516,0.1094
5.1780,0.0625
5.3817,0.0742
5.2227,0.0859
5.0327,0.0859
5.2077,0.1055
5.0552,0.0820
5.2353,0.0742
5.1574,0.0781
4.9140,0.1016
5.3519,0.0742
4.9376,0.1094
5.0678,0.1094
5.1838,0.1016
5.2307,0.0938
4.8390,0.1367
5.2793,0.0742
4.9440,0.0898
5.2862,0.0742
5.2113,0.1055
5.1271,0.1094
4.9699,0.0742
5.0686,0.0664
5.1250,0.0820
5.0554,0.0586
4.9806,0.0820
5.2096,0.0742
5.0876,0.0781
5.1186,0.1055
5.0237,0.0977
5.1586,0.0742
5.1823,0.0703
5.2886,0.0859
5.0505,0.0977
5.3043,0.0703
5.1449,0.0781
5.3261,0.0703
5.2773,0.1055
5.1530,0.0938
5.1917,0.0938
5.4656,0.0664
5.0949,0.1094
5.1801,0.0664
5.2451,0.0703
5.1465,0.0664
5.1894,0.0859
5.0036,0.1094
5.2856,0.1016
5.1172,0.1016
5.2963,0.0625
5.0588,0.1172
5.3557,0.0742
5.2357,0.0742
5.0519,0.1133
5.1040,0.0820
5.1501,0.0938
5.1525,0.0938
5.1432,0.0938
5.2097,0.0703
5.0233,0.0938
5.1606,0.0703
5.1647,0.0859
5.1052,0.0742
5.0014,0.0859
5.1252,0.1133
5.0211,0.1367
5.1246,0.0977
5.0241,0.1406
5.0190,0.0859
5.2084,0.1016
5.0287,0.1523
4.9735,0.1133
4.9658,0.1172
5.2453,0.0625
5.1603,0.1055
5.2914,0.0859
5.1872,0.1133
5.1754,0.0938
5.3689,0.0938
5.3130,0.0781
5.1049,0.1133
5.0135,0.0859
5.1503,0.1055
5.4496,0.0508
5.1740,0.1016
5.1375,0.1016
4.9839,0.1172
5.2757,0.0703
5.3547,0.0742
5.2391,0.0508
5.0237,0.0859
5.1603,0.1055
5.3257,0.0703
5.2988,0.0938
5.1047,0.1016
5.0944,0.1094
5.3570,0.0977
5.2187,0.0625
5.0495,0.1133
5.2392,0.0898
5.0177,0.1172
5.1488,0.1016
5.2006,0.0742
5.3893,0.0781
5.0932,0.0938
5.6174,0.0625
5.0865,0.0859
5.1322,0.0742
5.5051,0.0859
5.6958,0.0586
5.4226,0.0781
5.3002,0.0742
5.1770,0.0703
5.2985,0.0938
5.0218,0.0977
5.1255,0.1055
5.1066,0.0781
5.1102,0.0938
5.1522,0.0898
5.2034,0.0859
5.3506,0.1016
5.3080,0.0898
5.0862,0.0977
5.1421,0.1055
5.1487,0.0625
5.3287,0.0898
5.1467,0.0898
5.2254,0.1055
5.2453,0.0703
5.0631,0.0977
5.0744,0.0742
5.1093,0.0820
5.0142,0.0898
5.4056,0.1055
5.3072,0.0586
5.2703,0.0586
5.2404,0.0820
5.0474,0.1172
5.1564,0.0586
5.2339,0.1016
5.3263,0.1094
5.1856,0.0938
5.0794,0.1055
5.2642,0.1250
5.1943,0.1289
5.3367,0.0547
5.1151,0.0859
5.3040,0.0859
5.1300,0.0430
5.2478,0.1133
5.0736,0.1016
5.2725,0.0781
5.2152,0.1094
5.4327,0.0898
5.0713,0.0859
5.3982,0.0391
5.4650,0.0586
5.2729,0.0938
5.3093,0.0625
5.1683,0.1055
5.2995,0.0703
5.2035,0.1211
5.0862,0.0977
5.0027,0.1250
5.1059,0.1094
5.2844,0.1133
5.1682,0.0938
4.9892,0.1016
5.0580,0.1172
5.4270,0.0859
5.1335,0.0781
5.2022,0.1016
5.3764,0.1094
5.0320,0.0977
5.2089,0.0977
5.3242,0.0977
4.8812,0.1602
5.0564,0.1328
5.3983,0.0703
5.0327,0.0898
4.9513,0.1211
4.9044,0.1289
4.8468,0.1016
5.2910,0.1016
5.2754,0.1055
4.7757,0.1484
4.8282,0.1445
5.1022,0.1211
5.1152,0.0820
5.1379,0.1016
5.1705,0.0977
5.1416,0.1016
5.0422,0.1094
5.0603,0.1016
5.0423,0.1094
5.4006,0.0703
5.2140,0.0938
5.3796,0.0898
5.2093,0.0977
5.2794,0.1094
5.5084,0.0664
5.1881,0.0898
5.2207,0.1055
5.1547,0.0781
5.3480,0.1328
4.8712,0.1289
5.2185,0.0938
5.2654,0.0859
5.1953,0.0859
5.3784,0.0898
4.9970,0.0977
5.2041,0.1250
5.1398,0.1289
5.2980,0.0820
5.2285,0.0742
5.3152,0.0625
5.0671,0.0977
5.1117,0.0938
5.2300,0.0703
5.2604,0.1016
5.3142,0.0664
5.3985,0.0898
5.1835,0.0859
5.4502,0.0898
5.3397,0.0742
4.9891,0.1328
5.2183,0.1133
5.0607,0.1016
5.2071,0.0898
4.9099,0.1250
5.0216,0.0938
5.2149,0.1172
5.1976,0.0703
5.2408,0.0938
5.2242,0.0898
5.0919,0.0898
4.8592,0.1367
5.0843,0.0977
4.9431,0.1211
5.1340,0.0820
5.1504,0.1055
5.3216,0.1016
5.3032,0.0625
5.2907,0.0859
5.4465,0.1016
5.1422,0.0742
5.3229,0.0703
4.9522,0.1211
5.0336,0.1094
4.9999,0.1133
5.2222,0.0977
5.1696,0.0898
5.2100,0.0977
5.1105,0.0977
5.3025,0.1016
5.1160,0.1094
5.1188,0.0938
5.1194,0.1133
4.9166,0.1367
5.1427,0.0820
4.9023,0.1484
4.9614,0.1406
5.2690,0.1094
5.1882,0.0859
5.2215,0.0859
5.0057,0.1367
5.2347,0.1094
4.7748,0.1641
5.2512,0.1016
5.1925,0.0938
5.0825,0.1289
5.1205,0.0898
5.0983,0.1094
4.9595,0.1250
5.1018,0.1172
5.0125,0.0898
4.9397,0.1328
5.0867,0.1094
5.1041,0.1289
4.7528,0.1875
5.1395,0.0938
5.3581,0.0781
5.2984,0.0781
5.1899,0.0977
5.2822,0.0859
5.0731,0.0859
5.2999,0.0938
5.1304,0.1016
5.1352,0.1055
4.9113,0.1289
4.9939,0.0977
4.8223,0.1406
5.2249,0.0781
5.2961,0.0977
5.0387,0.0664
5.4447,0.0703
5.2393,0.0742
5.0931,0.1094
5.0601,0.1133
5.0262,0.1172
4.9960,0.1016
5.0433,0.1055
5.0072,0.1172
5.3466,0.1016
5.1124,0.1055
5.0007,0.0938
5.0374,0.1055
5.2856,0.0781
5.3471,0.0977
5.0266,0.1250
5.2825,0.0820
4.9319,0.1211
5.1974,0.1250
5.3166,0.0781
4.8642,0.1445
5.1975,0.0859
5.1572,0.1094
5.0235,0.1172
5.1354,0.0938
5.1088,0.0898
4.9951,0.1172
5.3247,0.1016
5.0808,0.1172
5.3591,0.1016
5.3005,0.1133
5.1287,0.1094
4.9873,0.1172
5.1167,0.0781
4.9739,0.1133
5.0967,0.0977
5.0830,0.1133
4.8768,0.1328
5.0815,0.1055
5.3194,0.1133
4.8577,0.1055
5.4355,0.0898
4.7897,0.1562
5.2521,0.0938
5.1423,0.1055
5.1595,0.0859
5.2502,0.0742
5.1132,0.0898
5.1496,0.1094
5.1471,0.0703
5.0822,0.0898
5.1113,0.0977
5.1623,0.1133
5.3421,0.0898
4.8787,0.1367
5.1388,0.0547
5.2056,0.0781
5.0239,0.1055
5.0104,0.0742
5.1812,0.1094
5.2848,0.0820
5.0180,0.0898
5.1200,0.0703
5.0056,0.1094
5.1017,0.1055
5.1193,0.1133
4.9650,0.1172
5.2251,0.0703
4.9409,0.1289
5.1858,0.0898
5.1371,0.1016
4.9945,0.1406
5.3796,0.0820
5.2820,0.0898
5.5493,0.1094
5.2312,0.0938
5.1496,0.0898
5.2955,0.0977
5.0889,0.0898
4.9690,0.1016
5.2774,0.0859
5.2172,0.1133
5.1316,0.1133
5.0273,0.0977
4.9783,0.1094
5.0737,0.0781
5.1798,0.1094
5.4323,0.0977
5.1454,0.0742
5.1476,0.0703
5.0580,0.0820
5.1470,0.0820
5.2051,0.0820
5.2727,0.0820
4.8635,0.1289
5.0206,0.0977
4.9974,0.1055
5.2925,0.0898
5.2928,0.0938
5.2098,0.0977
5.1322,0.0898
5.2489,0.1250
4.9911,0.0781
5.0401,0.1016
4.9917,0.1172
5.3094,0.0859
5.3676,0.0898
5.2397,0.0898
4.9455,0.1172
5.0520,0.0938
5.0802,0.0898
5.1821,0.0859
5.1379,0.1172
5.4730,0.0625
5.3247,0.0625
4.9010,0.1445
5.0747,0.0938
5.0988,0.1055
5.2125,0.1094
4.9999,0.1094
5.4414,0.0664
4.8627,0.1094
4.8418,0.1406
4.8896,0.1172
5.1034,0.1406
5.0529,0.1133
5.2307,0.1445
5.0702,0.0898
5.1319,0.0820
4.9807,0.1094
5.1311,0.0938
5.0163,0.1406
4.9753,0.1172
5.1127,0.1211
4.9673,0.1055
5.0457,0.1211
5.1531,0.0859
4.9786,0.1133
5.1278,0.0977
5.2445,0.0742
5.1418,0.1133
4.9957,0.1484
5.0292,0.1211
5.1257,0.0898
5.3126,0.0742
4.9080,0.0859
5.1221,0.0898
4.9436,0.1445
5.1532,0.0898
4.9966,0.1211
4.7840,0.1328
5.1488,0.0938
5.2396,0.0781
5.2628,0.0625
5.2357,0.0977
4.8319,0.1250
4.9671,0.1133
5.1026,0.0898
5.2264,0.0781
5.0354,0.1094
5.3706,0.1094
5.2157,0.0938
5.1711,0.0859
5.2031,0.1367
5.1526,0.0898
5.0361,0.0859
5.0951,0.0898
5.3388,0.0859
5.4166,0.0977
5.0560,0.0859
5.2734,0.0859
5.1301,0.1016
5.2019,0.1055
4.9976,0.0977
5.1015,0.0781
5.0219,0.0664
5.2316,0.0820
5.2756,0.0898
5.0564,0.1211
5.0582,0.1055
5.1236,0.0742
5.0940,0.1172
5.1220,0.0781
4.9449,0.1250
5.1535,0.0898
5.1662,0.1094
4.9378,0.1172
4.9946,0.0938
5.2447,0.1211
5.0125,0.0859
5.0330,0.1016
5.1336,0.0586
5.0779,0.1055
4.8644,0.1367
5.1160,0.0859
5.0447,0.1055
4.9498,0.0977
5.3131,0.1055
4.9257,0.1445
5.0825,0.0781
5.1752,0.1133
5.1101,0.1133
4.9442,0.1133
5.1279,0.0938
5.1848,0.1094
5.0711,0.1367
5.0765,0.1133
5.1876,0.0859
5.4376,0.0742
5.0472,0.1289
5.1273,0.0977
5.0094,0.1328
5.1800,0.0781
5.1999,0.0664
5.2905,0.0977
5.1639,0.1094
5.2333,0.0977
5.4559,0.0664
5.0612,0.1289
5.3576,0.0703
5.1665,0.0820
5.0038,0.1055
5.1042,0.1055
4.8639,0.1367
5.5181,0.0898
4.9277,0.1289
5.0139,0.0977
5.1652,0.0859
5.2062,0.0742
5.0368,0.1172
5.2175,0.0820
5.3399,0.0859
5.3276,0.0938
5.0425,0.0898
5.2524,0.1172
5.0196,0.1367
5.2510,0.1133
5.1868,0.0781
5.1396,0.1016
4.9740,0.0977
5.0363,0.0938
5.0749,0.1094
5.1467,0.0938
5.3119,0.0898
5.0908,0.0781
5.2864,0.0742
5.1411,0.1250
5.2299,0.1328
5.1038,0.1094
4.9451,0.1133
5.2509,0.1250
5.1939,0.1133
4.8659,0.1172
5.3163,0.1094
5.0793,0.1016
5.0829,0.1094
4.9898,0.1094
5.1822,0.0781
5.0584,0.1055
5.2165,0.0703
5.2991,0.0742
5.3260,0.0742
5.3769,0.0742
5.1606,0.0977
5.0561,0.1328
5.2876,0.0703
5.2668,0.0898
5.0862,0.1055
5.0421,0.0859
5.2648,0.0859
5.3735,0.0898
5.2045,0.1172
4.9904,0.1016
5.3453,0.1055
5.3040,0.0977
5.2375,0.0977
5.3169,0.0820
5.2877,0.1250
5.6132,0.0508
5.3347,0.0859
5.3677,0.0742
5.2519,0.0742
5.3231,0.1055
5.1063,0.0938
5.3270,0.0859
5.1568,0.1055
5.2396,0.0820
5.2777,0.0703
4.9591,0.1797
5.2671,0.0781
5.3611,0.0977
5.0910,0.0898
5.6829,0.0664
5.2130,0.0781
5.2715,0.0859
5.0614,0.1328
5.1042,0.1211
5.1678,0.1016
5.0999,0.0977
5.0162,0.0938
5.1814,0.0781
5.3785,0.1016
5.0295,0.1211
5.3416,0.1016
5.2378,0.1211
4.8831,0.1602
5.1576,0.1016
5.0707,0.1094
5.1203,0.0977
5.1921,0.1094
5.1468,0.0977
5.0508,0.1133
5.1463,0.1250
5.3181,0.0898
5.0882,0.1016
5.2396,0.0820
5.0748,0.1211
5.1648,0.0977
5.3326,0.0977
5.1520,0.1094
4.7662,0.1250
4.9786,0.1172
4.9477,0.1211
5.1733,0.1094
5.2928,0.1055
5.3508,0.0859
5.1018,0.0820
5.3904,0.0664
5.2625,0.0781
5.0886,0.1250
5.3133,0.1211
5.1720,0.1250
5.2397,0.1094
5.3182,0.1094
5.0207,0.0938
5.1628,0.1055
5.3755,0.0898
5.0156,0.1250
5.0707,0.1016
5.1373,0.0859
4.9957,0.0977
5.0829,0.1211
5.2610,0.0898
5.1183,0.1133
5.1558,0.0742
5.3291,0.1133
5.1736,0.0938
5.1264,0.0977
4.8346,0.1367
5.0328,0.0820
5.0346,0.0898
5.0390,0.1445
4.8652,0.1328
5.2457,0.0938
5.0390,0.1172
5.1626,0.0977
5.0098,0.1016
5.1331,0.0938
4.7990,0.1523
5.0751,0.1055
5.0889,0.1289
5.1009,0.1367
5.2220,0.0859
5.0818,0.1367
5.2116,0.1172
5.1342,0.1016
5.0673,0.1133
5.2998,0.0898
5.0449,0.1094
5.2330,0.0859
5.1424,0.0938
5.1796,0.1016
5.0850,0.1016
5.1385,0.0820
5.2228,0.1016
4.9653,0.0938
4.8735,0.1250
5.0821,0.0898
5.1763,0.1133
4.9898,0.1055
5.1589,0.0898
5.3744,0.0820
5.2748,0.1094
5.1124,0.1055
5.0359,0.1172
5.1543,0.1094
4.8415,0.1484
5.1969,0.0820
4.9233,0.0938
5.2314,0.1094
5.2123,0.0820
4.9687,0.1211
5.1427,0.1289
5.2678,0.0938
5.0519,0.0820
5.1280,0.1094
5.3695,0.0625
5.1006,0.0898
5.1686,0.1055
5.6846,0.0664
5.0319,0.0742
5.0175,0.1211
5.3090,0.0820
5.1439,0.0859
5.1180,0.1094
5.0723,0.1055
5.1629,0.0781
5.2140,0.1055
5.0072,0.1172
5.2924,0.0898
5.4654,0.0898
5.0460,0.1211
5.1305,0.1133
5.4841,0.1055
5.0585,0.0898
5.0903,0.0508
5.1714,0.0664
5.1439,0.0859
5.2115,0.0742
5.0584,0.1250
4.9849,0.1289
4.9885,0.1016
5.0522,0.1328
5.0193,0.0820
5.1461,0.0742
5.1296,0.0938
5.2587,0.0625
5.6365,0.0703
5.1338,0.1055
5.1273,0.1094
5.3434,0.0742
5.0511,0.1133
5.1986,0.1094
5.1796,0.0977
5.0214,0.1016
4.8712,0.1367
5.0650,0.0938
4.9764,0.1172
5.0332,0.1133
4.9361,0.1250
4.8225,0.1016
5.0354,0.1016
5.1017,0.0859
5.0110,0.1250
5.0846,0.0781
5.0581,0.0898
5.3393,0.0742
5.0729,0.0977
5.0009,0.1250
5.1505,0.1094
5.1384,0.0820
5.2496,0.0938
5.0446,0.1172
4.8560,0.0938
5.0575,0.1016
5.1712,0.1016
5.2535,0.0859
5.1610,0.0664
5.1844,0.1250
5.1752,0.0977
5.1336,0.0820
4.9799,0.1094
5.0992,0.1094
4.8940,0.1445
5.0754,0.1055
5.0694,0.1094
4.7823,0.1055
5.0101,0.0977
5.1651,0.0781
5.0277,0.1133
5.4465,0.1055
5.2434,0.1406
5.0734,0.1016
5.0580,0.1094
5.1567,0.0820
5.0369,0.0938
5.2764,0.1055
5.0551,0.0898
5.1128,0.0742
4.8858,0.1250
4.9630,0.1328
5.0219,0.1250
5.0809,0.1055
5.1682,0.0977
4.9879,0.1406
4.9244,0.1211
5.1531,0.1016
5.1992,0.1211
4.9158,0.0781
5.4022,0.0977
5.1295,0.0742
5.1100,0.0977
5.0424,0.0898
5.0768,0.0938
5.0827,0.1094
5.0518,0.0820
5.4647,0.0703
5.0988,0.0820
5.0720,0.1367
4.9902,0.1250
5.0418,0.0938
5.1149,0.0625
4.9482,0.1094
5.1151,0.1133
5.2076,0.0859
5.1805,0.1055
4.9028,0.1133
4.8084,0.1406
5.1700,0.0859
5.0900,0.1133
4.9968,0.0977
5.1040,0.1250
4.9689,0.1367
5.0928,0.1523
5.4418,0.0703
5.0827,0.1016
5.1272,0.1133
4.9013,0.1094
5.1272,0.0859
5.0997,0.0977
5.1040,0.1328
4.9610,0.1133
4.7015,0.1250
5.1442,0.0781
4.9467,0.1562
4.9656,0.1133
5.0445,0.1367
5.3107,0.0898
5.1956,0.0898
5.0580,0.0742
5.0725,0.0703
5.2611,0.0703
5.1272,0.0625
5.0412,0.1133
5.0951,0.0938
5.4836,0.0508
5.3219,0.0742
5.0881,0.0820
5.3089,0.1133
5.4071,0.0703
5.2377,0.0859
5.0601,0.0703
5.1318,0.0859
5.1479,0.1523
5.0375,0.0703
5.1610,0.0820
4.9666,0.1328
5.2598,0.0898
5.3418,0.0820
5.4757,0.0391
5.1463,0.0977
5.1262,0.0938
5.3726,0.0703
5.0389,0.1055
5.1156,0.0898
5.0557,0.0898
5.4377,0.0820
5.3371,0.0820
5.1277,0.0781
5.2747,0.1211
5.3303,0.0859
5.0957,0.0781
5.0891,0.1055
5.0374,0.0898
5.1904,0.0391
5.0935,0.0977
5.0232,0.0820
5.0421,0.0859
4.9066,0.1055
5.1016,0.0977
5.1878,0.0977
5.0831,0.1172
5.1552,0.1055
5.0866,0.0977
5.3324,0.0781
5.2739,0.0938
5.2173,0.0977
5.0372,0.1094
4.9851,0.0977
5.4257,0.0977
4.8717,0.1094
5.0527,0.0820
5.0411,0.1016
4.9648,0.1094
5.1444,0.1055
5.0282,0.0820
5.2418,0.0938
5.0481,0.1094
5.4030,0.0742
5.1261,0.1250
4.7866,0.1172
5.2561,0.0977
5.1659,0.0898
5.4105,0.0703
5.1382,0.0742
4.9854,0.1133
5.1022,0.1016
5.6264,0.0859
5.0914,0.1094
5.0858,0.0859
5.2495,0.1172
5.1801,0.1367
5.3223,0.0977
5.4659,0.0820
5.1674,0.0859
5.3289,0.1172
5.0644,0.1172
5.2625,0.1172
5.2651,0.0781
5.2578,0.0664
4.9971,0.1289
5.0174,0.1094
5.0811,0.1016
5.2246,0.0625
4.9243,0.1406
5.2322,0.1211
5.1224,0.1094
5.2212,0.1094
5.1687,0.1172
5.2195,0.0977
5.1715,0.1172
5.2245,0.1133
5.3292,0.0938
5.4182,0.0703
4.9853,0.1133
5.3232,0.1055
5.3566,0.1211
5.1709,0.1289
5.1400,0.1133
5.2044,0.1016
5.1788,0.0977
5.0920,0.0898
5.3892,0.1094
5.2418,0.0781
5.1007,0.0898
5.0033,0.1406
4.9002,0.1055
5.2306,0.1289
5.0398,0.1211
4.8048,0.1445
5.1742,0.1094
4.9484,0.1094
4.7607,0.1172
5.1651,0.0977
5.4028,0.0898
5.2725,0.0664
5.0521,0.1602
5.0317,0.1016
5.2518,0.0977
5.4918,0.0977
5.1677,0.0977
5.4146,0.0664
5.2211,0.0977
5.0199,0.1172
5.2299,0.1133
5.1186,0.1211
5.2736,0.1211
5.2253,0.0938
5.3114,0.0625
5.3495,0.0898
4.9955,0.1172
5.2247,0.1133
5.1187,0.0977
4.9849,0.1055
5.0357,0.1172
5.1077,0.1055
5.3828,0.0742
5.1559,0.0938
5.5770,0.0742
5.3337,0.1055
5.3360,0.0781
5.2677,0.1016
5.1511,0.0938
5.3749,0.1016
5.2593,0.0898
5.1383,0.1016
5.1113,0.1055
5.2487,0.0664
4.9480,0.1133
5.3051,0.0859
5.0912,0.1250
5.1442,0.0742
5.1156,0.1445
5.1658,0.1250
5.4212,0.0938
5.4006,0.1016
5.0538,0.1406
4.8918,0.1484
5.2897,0.1133
5.0085,0.0977
5.1067,0.1016
5.1417,0.1094
5.1442,0.0781
5.1775,0.0859
5.1256,0.0938
5.1786,0.1094
5.2986,0.0977
5.1749,0.0898
5.0141,0.1250
5.0252,0.1094
5.1386,0.0820
5.1279,0.0859
5.1307,0.1289
5.1025,0.1211
5.0910,0.1133
4.9812,0.1094
5.0786,0.1211
5.0195,0.1328
5.1431,0.1484
5.6882,0.0625
5.2435,0.1289
5.3959,0.0781
4.9646,0.1055
5.0315,0.1250
5.2532,0.1133
5.2637,0.0820
4.9263,0.1406
5.0699,0.1211
5.2987,0.0781
5.0007,0.0859
5.1122,0.1484
5.2301,0.1133
5.0848,0.1133
5.2058,0.0859
5.3640,0.0898
5.0555,0.0820
4.9892,0.0938
5.0211,0.0625
5.2164,0.0820
4.8477,0.1094
5.2980,0.0977
5.1654,0.1094
5.0399,0.1328
5.0404,0.1250
5.2282,0.0977
5.2711,0.1016
5.3975,0.0586
5.3155,0.0703
5.1967,0.0664
5.1022,0.1016
5.0545,0.0977
5.2958,0.1016
5.2820,0.0742
5.1386,0.1172
5.1468,0.1016
4.9553,0.1094
5.1628,0.0898
5.2336,0.0820
5.5395,0.0820
5.0635,0.0898
4.9763,0.1055
5.2798,0.0781
5.3924,0.1055
5.0844,0.0938
5.0992,0.1172
4.9499,0.1562
5.1708,0.1211
5.1874,0.1133
5.2706,0.0898
5.3291,0.0859
5.2822,0.0820
5.2495,0.0977
4.8274,0.1250
5.2282,0.1289
4.9291,0.1211
5.0397,0.1406
5.2829,0.1094
5.4853,0.0703
5.2254,0.0977
5.0271,0.1133
5.2102,0.0820
5.2810,0.0781
5.1159,0.1094
5.3303,0.0859
5.4822,0.0742
4.9990,0.1367
4.9086,0.1484
5.3152,0.1094
5.2543,0.0859
5.1908,0.1016
4.9273,0.0977
5.1056,0.1211
5.1893,0.1094
5.0593,0.1211
5.1697,0.1016
5.2083,0.1016
5.1720,0.1055
5.2395,0.1016
5.4431,0.1289
5.0860,0.1055
5.4139,0.1367
5.5814,0.0938
5.3729,0.0820
5.3154,0.0703
4.9424,0.1484
5.2358,0.1250
5.3812,0.0898
5.3555,0.0977
5.3484,0.0781
5.3168,0.1094
5.2090,0.1133
5.2995,0.0898
5.3339,0.0781
5.3555,0.0859
5.2095,0.0938
5.0977,0.0898
5.0791,0.0977
5.1310,0.1055
5.3576,0.0938
5.2107,0.1055
5.5349,0.1016
5.3850,0.1094
5.2058,0.1094
4.9907,0.1328
5.4077,0.0898
5.2808,0.0703
5.2790,0.1133
5.4088,0.1133
5.4737,0.0898
5.2354,0.0898
4.9689,0.1367
5.0822,0.1055
5.3696,0.0781
5.1891,0.1172
5.0634,0.1484
5.0643,0.1523
5.1372,0.1641
5.1659,0.1250
5.1690,0.1016
5.2339,0.0938
5.3007,0.1016
5.5854,0.0742
4.9781,0.1484
5.0911,0.1211
5.1169,0.1367
5.2820,0.0664
5.3365,0.1289
5.4651,0.0938
5.4367,0.0781
5.1287,0.1289
5.1084,0.0938
5.1766,0.1133
5.1215,0.1328
4.9280,0.1602
5.5222,0.0859
5.0757,0.0898
5.0542,0.1172
4.9590,0.1406
4.8825,0.1602
5.2239,0.0977
5.1862,0.1133
5.1852,0.0625
5.2826,0.0781
5.1405,0.0859
5.4167,0.0977
4.9655,0.1523
5.0705,0.1211
5.0158,0.1328
4.9705,0.0977
4.9263,0.1406
4.9620,0.1211
5.2881,0.1172
5.5687,0.0664
5.0726,0.1328
5.2116,0.1172
5.1489,0.1289
5.0908,0.1289
5.1081,0.1211
4.8930,0.1133
4.9699,0.1328
5.0119,0.1055
5.1837,0.0859
5.0006,0.1172
4.8983,0.1172
4.8861,0.1250
5.0218,0.1523
5.2169,0.1211
5.2313,0.1133
5.2202,0.1250
5.1871,0.0703
5.2317,0.1016
5.1040,0.1133
5.2147,0.1094
4.8842,0.1289
4.9667,0.1172
4.9123,0.1484
5.0011,0.1211
5.2125,0.0859
5.1686,0.1094
5.2656,0.1016
5.1381,0.1211
5.3157,0.1133
4.8194,0.1406
4.9310,0.1406
5.0262,0.1055
5.1563,0.1055
5.1196,0.1172
5.0956,0.1289
5.0155,0.1055
4.9458,0.1328
5.1777,0.0977
5.3419,0.1055
5.2125,0.0859
5.0500,0.0820
4.8313,0.1172
4.7095,0.1406
5.1073,0.1172
4.8322,0.1055
5.0451,0.1133
4.9927,0.1445
5.0026,0.1289
4.9600,0.1250
4.7426,0.1523
5.0810,0.1016
5.0913,0.1484
5.1429,0.1523
5.0873,0.1211
5.0610,0.1133
4.9172,0.1406
5.0638,0.1133
4.8905,0.1094
5.1079,0.1211
5.0215,0.1250
5.3439,0.1133
5.1055,0.0898
5.0735,0.1094
5.0117,0.1367
5.1050,0.0703
5.0837,0.1055
5.0747,0.0742
4.9501,0.1289
4.8469,0.1055
5.1082,0.1211
5.4216,0.1016
5.2185,0.0938
5.3328,0.1016
5.3526,0.0898
5.3748,0.0859
5.0661,0.1250
4.8653,0.1094
5.3072,0.0977
5.1244,0.1211
4.8850,0.1172
5.3438,0.1172
5.2273,0.1016
5.1448,0.1016
5.0833,0.0977
5.0726,0.0938
5.0242,0.1367
5.0370,0.1133
5.1982,0.0977
5.1349,0.0977
5.2508,0.1016
5.4038,0.0898
5.0384,0.1094
5.0129,0.0781
5.1618,0.0938
5.0722,0.1016
5.3062,0.1055
5.3843,0.0938
4.9499,0.1133
5.1415,0.1094
5.0844,0.1250
5.0665,0.1250
4.9571,0.1133
4.8887,0.1484
5.2894,0.1250
5.0407,0.1211
5.0132,0.1016
5.1799,0.1172
5.3005,0.0938
5.2031,0.1172
5.7026,0.0859
5.1956,0.1250
4.9585,0.1172
5.1128,0.1445
5.2676,0.0977
5.0276,0.1250
5.2170,0.0859
5.1785,0.1289
5.0459,0.1211
5.0261,0.1289
5.0306,0.1172
4.9702,0.1133
4.7832,0.1367
4.9687,0.1055
4.9254,0.1133
5.0185,0.1367
5.2929,0.0938
5.2371,0.1016
5.0151,0.1367
5.2374,0.1016
4.8970,0.0938
5.0643,0.1133
5.2145,0.1016
5.1398,0.1250
5.1196,0.1445
5.2202,0.1094
4.9797,0.1094
5.0686,0.1172
4.9237,0.1680
4.9334,0.1055
5.3132,0.1133
5.3289,0.0938
5.0897,0.0859
5.1738,0.0977
5.0406,0.1445
5.1146,0.1055
5.1831,0.0859
5.3034,0.1250
5.2407,0.0859
4.9418,0.1094
4.9121,0.1016
5.2954,0.0977
5.0152,0.1484
5.1760,0.1328
5.0735,0.1328
5.0096,0.1172
5.1963,0.1094
5.1851,0.0859
5.4226,0.0938
5.0186,0.1133
5.1558,0.1367
5.1098,0.0938
4.9406,0.1523
5.1620,0.1328
5.0409,0.1484
5.4125,0.0781
4.9449,0.1289
5.2383,0.1016
5.0520,0.1094
5.2080,0.0820
5.1191,0.1250
5.2177,0.1055
4.9471,0.1094
5.1817,0.0898
5.0351,0.1172
5.1401,0.0977
5.1503,0.1250
4.9367,0.1016
5.3864,0.0742
5.0789,0.0898
5.1191,0.0859
4.7881,0.1328
4.8560,0.1055
4.9586,0.1328
5.0426,0.1328
4.9472,0.1172
4.9516,0.1016
4.8432,0.1328
5.3194,0.0898
4.8488,0.1445
5.0074,0.1211
4.9944,0.1133
5.2225,0.1211
5.1740,0.1211
5.1122,0.0820
4.9555,0.1289
5.1764,0.1484
5.0954,0.1211
4.9782,0.1523
5.1064,0.1328
4.9155,0.1250
5.1115,0.1484
5.1192,0.1016
5.0421,0.1328
4.8132,0.0938
5.2197,0.1094
5.0408,0.1250
4.9809,0.1367
5.1737,0.1133
5.1242,0.1016
5.2037,0.1133
4.9982,0.1367
5.0808,0.1094
5.2244,0.1250
4.9963,0.0938
4.9033,0.1133
4.9393,0.1016
4.9111,0.1133
5.2441,0.1016
5.0885,0.0977
5.1137,0.1133
5.1568,0.1055
5.0261,0.1289
4.9487,0.1133
4.9711,0.1172
5.1978,0.0898
5.1004,0.1289
4.9809,0.1055
5.1554,0.0898
5.0073,0.1172
5.0259,0.1445
4.9666,0.1133
5.0599,0.1094
4.9755,0.1250
4.9877,0.1680
5.1852,0.1094
4.8009,0.1641
5.1987,0.0977
4.6525,0.1562
5.2358,0.0859
5.0091,0.1055
5.0279,0.1289
5.1050,0.1367
5.1598,0.0898
4.9004,0.1289
5.0844,0.1445
4.8446,0.1484
4.9129,0.1445
5.0103,0.1055
4.9412,0.1328
4.9710,0.1445
4.8818,0.1211
5.1278,0.1562
5.0755,0.1055
5.1672,0.1172
4.8602,0.1484
5.0153,0.1406
4.9627,0.1133
5.0021,0.1172
5.0381,0.1055
4.9109,0.1133
5.0932,0.1328
4.8476,0.1445
4.6910,0.1289
5.0237,0.1367
5.3004,0.0820
5.0807,0.1055
5.0923,0.1016
5.0080,0.1133
4.7620,0.1055
4.9639,0.1016
4.8250,0.1250
5.1797,0.1094
5.0454,0.1406
5.0159,0.1328
4.8235,0.1250
5.3202,0.0898
4.7030,0.1406
5.0766,0.1484
5.0364,0.1445
4.7708,0.1406
5.0473,0.1172
5.0477,0.1016
4.9008,0.1250
5.1042,0.1094
4.8946,0.1328
4.8999,0.1172
4.9885,0.1016
5.2171,0.0703
5.1818,0.1250
5.0015,0.0820
5.1277,0.1289
5.0377,0.1367
4.9928,0.1328
5.0010,0.1445
5.3130,0.0938
4.9524,0.1484
4.9610,0.1211
5.0977,0.1172
4.9724,0.1328
5.0014,0.1172
5.0680,0.1289
5.1069,0.1250
5.0633,0.1133
5.1481,0.1172
4.9414,0.1406
5.0724,0.1016
4.9692,0.1406
5.1636,0.1367
5.1227,0.1055
5.0216,0.1367
5.3560,0.1211
5.0719,0.1172
5.0317,0.1289
5.0739,0.1055
4.9734,0.1172
5.0670,0.1367
5.3224,0.0859
5.3314,0.1445
5.0844,0.1133
5.3819,0.0898
5.2125,0.0938
5.1216,0.0938
5.0866,0.1055
5.0346,0.1250
5.2839,0.0977
4.9645,0.1328
5.1393,0.0977
4.9392,0.1211
4.9428,0.1289
5.0576,0.1094
5.0586,0.1289
5.3903,0.1250
5.2592,0.1094
5.0568,0.1367
5.1342,0.1367
5.2570,0.0859
4.9819,0.1055
5.0494,0.1055
5.2434,0.0859
5.0083,0.1289
5.0939,0.1016
5.2402,0.1055
4.9091,0.1055
4.8175,0.1367
5.1246,0.1445
5.0612,0.1055
5.1368,0.1016
5.0532,0.1211
4.9551,0.1172
4.7792,0.1562
5.0656,0.1641
4.9915,0.1445
4.8698,0.1133
4.9585,0.1016
4.7505,0.1641
4.8178,0.1250
5.1681,0.1172
5.2443,0.1172
5.2367,0.0898
4.7992,0.1641
4.8371,0.1367
4.8928,0.1172
4.8512,0.1523
5.2707,0.0781
5.1191,0.1289
5.0531,0.1289
4.7726,0.1367
5.1655,0.0977
4.8981,0.1289
4.9995,0.1172
4.7633,0.1367
5.1855,0.1211
5.0407,0.0859
5.3254,0.1016
4.7728,0.1641
4.7238,0.1172
4.8169,0.1406
4.9604,0.1250
5.0014,0.1211
4.9778,0.1406
5.0760,0.1211
5.0555,0.0859
5.1096,0.0859
5.0137,0.1055
4.9105,0.1172
5.2067,0.0859
5.0640,0.0781
4.8714,0.1133
5.3161,0.0859
4.9587,0.1094
5.5216,0.0859
5.0552,0.1172
4.9885,0.1328
5.0330,0.1328
4.8536,0.1016
4.8735,0.1172
5.3356,0.1094
5.0526,0.1328
5.3850,0.1055
4.7995,0.1406
5.5432,0.0703
5.2159,0.1055
4.9741,0.0898
5.1305,0.1055
4.9089,0.1250
4.9367,0.1289
5.0618,0.1289
4.7767,0.1250
5.2885,0.1172
5.5668,0.0859
5.3962,0.1055
5.2068,0.1289
4.9898,0.1367
5.1411,0.1094
5.1934,0.1250
5.2813,0.0938
5.3497,0.0742
5.0373,0.1250
4.9900,0.1133
5.0900,0.0938
5.3385,0.0938
5.2634,0.0703
4.9341,0.1016
4.8054,0.1406
5.2986,0.1094
4.8258,0.1641
5.1551,0.1250
5.2811,0.1016
5.2256,0.0742
4.9864,0.1289
5.0962,0.1367
4.7958,0.1172
5.0272,0.1680
4.9004,0.1445
5.0420,0.1523
5.0090,0.1055
4.9156,0.1133
5.1908,0.1094
5.1946,0.1016
5.2184,0.1133
5.1726,0.1406
5.5245,0.1133
4.7779,0.1602
5.0601,0.1055
5.3625,0.1484
4.8021,0.1250
4.8886,0.1406
5.0370,0.1406
5.0127,0.1484
5.0023,0.1016
4.9040,0.1094
5.0285,0.1172
4.8482,0.1367
5.0721,0.1016
5.1913,0.0742
5.2087,0.1367
4.9841,0.0898
5.0078,0.1094
5.0030,0.1094
4.8445,0.1406
5.2121,0.1133
4.9284,0.1445
4.6649,0.1562
4.9275,0.1016
4.8449,0.1211
4.9828,0.1406
5.2202,0.1172
4.7373,0.1445
5.1020,0.1211
4.9103,0.1133
5.0604,0.0859
4.7664,0.1367
4.8433,0.1367
4.9703,0.1406
5.1124,0.1133
4.6919,0.1484
4.9902,0.1445
4.9055,0.0977
4.7438,0.1641
4.9735,0.1250
4.8473,0.1367
5.2041,0.0938
4.7236,0.1484
4.9785,0.1172
5.1227,0.1094
5.0065,0.1172
5.1472,0.1055
4.9210,0.1016
5.1027,0.1289
4.8844,0.1328
4.9573,0.1250
5.1061,0.1367
4.9833,0.1094
4.8822,0.1133
5.2237,0.1328
5.3944,0.0938
5.0720,0.0977
4.7488,0.1367
4.9564,0.1094
4.9844,0.1016
5.2545,0.1055
5.0628,0.1172
5.2100,0.0859
4.8342,0.1484
4.9554,0.1250
5.1626,0.1133
5.1896,0.1016
4.9587,0.1641
5.1965,0.1289
4.8377,0.1562
5.0837,0.1133
5.0074,0.1016
4.9882,0.1367
5.1897,0.0898
5.0283,0.1094
4.8998,0.1328
5.2410,0.1016
5.2201,0.1680
5.2301,0.1094
4.8785,0.1328
4.8309,0.1523
5.0231,0.1211
5.0160,0.1055
4.9502,0.1250
4.8146,0.1211
5.0515,0.0820
5.1080,0.1016
4.6039,0.1719
4.9838,0.1328
5.1329,0.1523
4.9745,0.1133
5.2914,0.0898
5.0218,0.1562
5.3203,0.1445
5.1519,0.0938
5.1333,0.1133
5.0174,0.0938
5.1175,0.1445
5.0714,0.1016
5.1188,0.1094
4.9456,0.1445
5.2205,0.0977
5.2704,0.0977
5.0745,0.1211
5.0372,0.1133
4.9336,0.1367
5.0895,0.1406
5.2694,0.1055
4.9709,0.1523
4.8773,0.1523
5.2750,0.1094
4.7533,0.1367
5.0236,0.1328
5.2193,0.1250
4.7882,0.1406
5.0833,0.1055
5.0601,0.1445
5.2681,0.1211
4.8594,0.1484
4.8146,0.1211
5.2934,0.1055
5.1104,0.1211
5.4122,0.1250
5.0175,0.1250
5.1901,0.1211
5.0530,0.1172
5.1267,0.1250
5.2314,0.1172
4.8205,0.1133
4.9786,0.1562
5.1249,0.1367
5.1019,0.1367
4.9354,0.1680
5.1237,0.1055
4.9720,0.1289
5.3082,0.1094
5.2117,0.1172
5.3505,0.1055
5.2479,0.0859
5.2632,0.1016
4.9801,0.1250
5.1311,0.1094
5.0149,0.1055
5.2948,0.1328
4.9627,0.1094
5.0594,0.1211
5.0519,0.1484
5.2008,0.0977
4.8349,0.1211
4.9126,0.1172
5.0409,0.1094
4.8322,0.1250
4.9739,0.1289
5.2962,0.0938
4.8991,0.1289
4.9515,0.1328
5.3179,0.1172
5.1118,0.1055
5.1301,0.1562
4.8978,0.1367
5.0634,0.1172
5.5622,0.0820
5.1568,0.1289
4.9730,0.1562
5.3088,0.1133
5.1115,0.1211
5.5278,0.0938
5.1626,0.1055
4.9312,0.1484
5.1189,0.1211
5.1681,0.1133
4.9740,0.1484
5.0315,0.1133
5.0526,0.1445
4.9087,0.1680
5.0230,0.1172
5.1515,0.0938
5.2292,0.1094
5.2202,0.0977
4.9919,0.1406
4.9857,0.1328
5.2128,0.1406
5.2731,0.1172
4.9314,0.1211
5.0222,0.1094
5.0353,0.0898
5.3054,0.0977
5.1580,0.1250
5.1546,0.1055
4.9975,0.0977
4.9157,0.1328
5.0358,0.1055
4.9187,0.1211
5.0640,0.1211
4.9393,0.1289
5.2353,0.1094
5.0129,0.1211
4.8721,0.1133
5.0870,0.1250
5.0613,0.1289
4.9827,0.1484
4.9869,0.1172
4.8700,0.1562
4.9803,0.1367
5.0078,0.1406
5.1765,0.1016
4.6510,0.1602
4.7319,0.1367
5.0552,0.1406
5.0054,0.1172
4.8260,0.1523
5.1360,0.1133
5.0129,0.1211
4.9925,0.1133
4.9972,0.1133
4.9512,0.1172
5.0920,0.1055
4.8120,0.1367
4.8677,0.1484
4.8254,0.1523
4.9227,0.1133
5.0495,0.1484
4.6919,0.1484
5.0390,0.0938
4.9901,0.1055
5.1228,0.1133
4.8396,0.1406
5.1984,0.1211
5.1251,0.0742
4.9953,0.1328
4.8850,0.1250
5.2817,0.1094
5.0670,0.1211
5.0233,0.0938
5.2916,0.0938
4.9599,0.1289
5.2438,0.0977
4.8806,0.1211
5.2352,0.1055
5.0049,0.1758
4.7515,0.1523
5.1622,0.0938
4.8433,0.1484
5.0366,0.1367
5.0211,0.1055
4.8857,0.1250
4.9032,0.1641
4.8451,0.1484
5.2790,0.0898
4.8439,0.1016
5.0549,0.1367
5.1713,0.1172
4.8403,0.1484
5.0448,0.1328
5.0531,0.1133
4.8579,0.1719
5.2523,0.0977
5.0732,0.1172
4.9624,0.1367
5.1193,0.1367
4.9197,0.1328
4.9681,0.0781
4.8448,0.1289
4.8711,0.1328
5.4392,0.0781
4.9842,0.1133
5.2094,0.1016
4.8929,0.1328
5.2279,0.0742
4.9030,0.1133
5.0199,0.1016
5.2128,0.1406
4.9381,0.0898
4.8520,0.1289
5.0031,0.1328
5.0698,0.1055
5.1145,0.1289
4.7793,0.1484
4.6760,0.1523
4.7138,0.1680
5.1278,0.1094
5.0247,0.1406
4.8445,0.1172
5.1227,0.1133
5.0336,0.1445
5.4242,0.0781
4.8672,0.1211
4.7605,0.1484
4.9787,0.1367
4.9781,0.1562
5.1950,0.1055
5.4361,0.0977
5.3862,0.1016
5.0322,0.1289
5.1797,0.1328
5.1706,0.1133
5.2832,0.1211
5.2137,0.1484
5.0715,0.1172
4.7902,0.1602
5.0439,0.0938
4.9979,0.1367
5.2334,0.1211
5.0525,0.1055
4.9837,0.1172
4.7307,0.1406
4.9469,0.1367
4.9475,0.1289
5.0891,0.1602
5.3376,0.0859
5.0814,0.1328
5.0121,0.1055
5.0449,0.1133
4.8756,0.1445
4.9246,0.1445
5.1772,0.1211
4.9282,0.1406
4.9374,0.1211
5.0561,0.1016
5.1274,0.1328
5.2221,0.1250
4.8975,0.1250
4.8429,0.1484
5.1525,0.1250
5.1154,0.0977
5.2222,0.1445
4.9545,0.1133
4.9625,0.1133
5.1130,0.1211
5.2235,0.0898
4.9913,0.1055
4.9310,0.1250
5.2117,0.0977
4.8414,0.1758
4.7863,0.1055
4.7628,0.1289
5.0257,0.1328
5.2295,0.0977
5.0267,0.0859
5.1742,0.0859
4.8144,0.1328
5.0033,0.1562
5.1205,0.1484
5.1728,0.1367
5.5755,0.1094
5.2613,0.0938
5.1606,0.0820
4.7535,0.1797
5.2296,0.1328
5.3118,0.1172
5.2188,0.1328
5.5415,0.0938
5.2131,0.1211
5.2516,0.1094
5.4523,0.1250
5.0435,0.1445
4.9269,0.1328
5.3094,0.1367
5.0032,0.1289
5.3348,0.0820
4.9515,0.1211
5.1840,0.1172
5.1129,0.1055
5.2916,0.0938
4.9730,0.1055
5.3674,0.1211
5.0797,0.1367
5.2215,0.1250
5.2142,0.0938
5.0727,0.1367
4.8095,0.1914
5.3243,0.0781
5.0755,0.1367
4.9642,0.1016
5.1239,0.1094
4.8497,0.1250
5.1383,0.1367
5.2705,0.1328
5.2537,0.1211
4.7006,0.1367
5.0672,0.1211
5.3868,0.0938
4.6286,0.1641
4.7295,0.1602
5.1291,0.1328
5.0886,0.1133
5.1406,0.1367
4.8877,0.1133
5.1762,0.0977
5.1074,0.1133
4.9819,0.1406
5.1248,0.1133
5.0641,0.1289
4.8508,0.1602
4.8620,0.1055
5.1794,0.0977
5.0027,0.1562
4.7973,0.1562
4.8163,0.1484
5.4726,0.0977
4.9093,0.1641
5.1421,0.1172
5.1421,0.1016
4.9854,0.1719
4.9985,0.1133
5.0313,0.1133
5.4367,0.1172
5.0804,0.1250
4.8812,0.1406
4.9791,0.1445
4.9774,0.1484
5.2661,0.1172
5.1414,0.1016
5.1902,0.1133
4.9473,0.1406
4.9322,0.1016
5.1816,0.0938
5.1678,0.1172
4.7822,0.1523
4.7206,0.1172
5.0404,0.1172
4.9942,0.1250
4.9360,0.1367
5.0928,0.1055
5.0961,0.1211
5.0566,0.0781
4.9635,0.1094
5.1423,0.1328
4.7780,0.1523
5.0284,0.1172
5.0782,0.1055
4.9703,0.1211
4.8013,0.1133
4.8460,0.1289
5.1517,0.1094
5.3597,0.1211
4.7812,0.1250
4.8611,0.1328
5.0365,0.0938
4.8637,0.1172
5.0405,0.1094
5.1290,0.1250
4.5711,0.1719
4.9144,0.1328
5.0942,0.1016
4.9199,0.1562
4.8291,0.1055
4.9395,0.1406
5.0914,0.1172
5.0899,0.1289
5.3043,0.1094
4.9363,0.0977
5.0589,0.1055
4.7845,0.1445
5.3700,0.1055
5.0764,0.1172
5.2932,0.0938
4.9875,0.0938
5.1117,0.1211
4.7128,0.1367
5.1875,0.1133
5.0197,0.1328
4.9867,0.1172
5.0939,0.0703
4.7639,0.1406
5.3881,0.0781
5.0525,0.1250
5.2446,0.1133
4.8257,0.1445
5.0814,0.1250
4.9459,0.1367
4.9151,0.1523
4.8534,0.1484
5.0138,0.1055
4.8159,0.1367
5.1753,0.1055
5.0991,0.1328
4.9744,0.1367
4.9124,0.1367
4.9413,0.1367
5.2052,0.1055
5.4026,0.1094
5.2593,0.0938
4.9650,0.1367
4.9467,0.1133
5.1256,0.1094
5.0661,0.1289
5.0750,0.1367
4.8262,0.1094
5.0527,0.1211
5.1238,0.1250
5.0852,0.1445
5.1880,0.1250
5.0580,0.1328
5.1088,0.1133
4.8509,0.1445
4.8657,0.1055
5.2647,0.1055
4.9847,0.1211
4.8261,0.1094
4.8413,0.1016
4.8444,0.1328
5.3280,0.1289
4.9660,0.1875
5.0022,0.1406
4.7364,0.1289
4.7060,0.1562
4.6668,0.1328
4.8704,0.1719
5.1388,0.1172
4.6629,0.1289
5.3127,0.0703
5.0832,0.1289
5.0525,0.1367
4.9585,0.1289
4.9348,0.1328
4.9191,0.1523
5.2532,0.1133
5.0463,0.1055
4.9180,0.1484
5.1627,0.1172
4.7726,0.1289
5.1014,0.0977
4.9528,0.0820
5.2434,0.1094
4.8955,0.1133
4.9568,0.0977
5.0060,0.0938
5.0548,0.1250
5.0490,0.1289
4.8983,0.1133
5.2357,0.0938
5.2509,0.1094
5.1870,0.1406
5.0558,0.1289
4.9355,0.1680
4.8333,0.1719
4.8613,0.1523
4.9038,0.1328
5.2251,0.1016
4.9529,0.1016
5.0958,0.1172
5.1425,0.1211
4.9877,0.1133
5.1876,0.1484
5.3710,0.0977
5.0987,0.1094
4.8146,0.1211
4.7857,0.1211
5.0271,0.1055
5.1474,0.0938
4.8882,0.1133
5.2706,0.0820
5.2998,0.1289
5.1785,0.0938
5.0754,0.1016
5.1762,0.1211
5.1292,0.1094
5.0387,0.1289
5.0841,0.0977
5.2690,0.0859
5.1666,0.1250
4.9631,0.1172
5.3470,0.1289
4.9388,0.1094
5.1769,0.1211
4.9513,0.0938
4.8960,0.1055
5.2714,0.0859
5.2612,0.1016
5.0380,0.1055
5.2044,0.0781
4.7441,0.1562
5.1100,0.0898
4.9096,0.1523
5.4307,0.0742
5.4101,0.1133
4.8788,0.1250
5.0059,0.1406
5.2180,0.0898
5.0848,0.1211
5.2198,0.1289
5.0587,0.1289
5.0144,0.1172
5.1745,0.1289
5.0207,0.1367
5.0217,0.1328
5.0510,0.1289
5.0214,0.1016
4.8616,0.1445
4.9454,0.1367
5.2472,0.1289
4.8396,0.1211
5.2223,0.1172
5.1895,0.1211
4.9548,0.1133
4.9401,0.1328
5.2803,0.0938
5.2276,0.1406
5.1770,0.1211
5.2154,0.0820
4.6334,0.1367
4.9985,0.1211
5.1108,0.1289
5.4583,0.1211
4.9519,0.1289
5.0989,0.1016
4.9870,0.1289
5.0953,0.1289
5.1491,0.1250
5.0609,0.1211
4.8840,0.1328
4.8717,0.1055
4.9811,0.1211
4.9196,0.1211
5.0141,0.0625
5.0486,0.0859
5.1801,0.0938
4.9468,0.1172
5.0380,0.1289
5.1334,0.1289
4.8615,0.1211
4.9208,0.1133
5.3894,0.1094
5.2639,0.1406
4.9667,0.1406
4.9182,0.1016
4.9436,0.1484
4.7789,0.1719
5.0269,0.1562
4.8871,0.1211
5.0227,0.1250
4.8983,0.1250
5.2687,0.1055
4.9736,0.1172
5.2327,0.1094
5.0658,0.1445
5.2149,0.1094
5.2146,0.1055
4.9625,0.1406
4.6828,0.1680
4.8275,0.1484
4.9782,0.1367
5.3287,0.0664
5.2837,0.1172
5.0931,0.0898
5.0184,0.1211
5.0571,0.1250
4.7798,0.1523
4.7960,0.1094
5.2081,0.1133
5.2092,0.0859
5.1811,0.0820
5.0370,0.1289
5.2241,0.0977
5.1113,0.1133
5.1646,0.1172
5.0203,0.1406
4.8806,0.1289
4.9884,0.0898
4.8574,0.1445
5.1289,0.1289
5.1125,0.0977
5.0062,0.0977
5.3158,0.1328
4.9305,0.1367
4.9013,0.1172
5.0671,0.1172
5.0334,0.0977
5.2158,0.1055
4.9232,0.1406
5.1147,0.1211
5.0686,0.1406
5.1164,0.1211
4.8861,0.1211
4.8167,0.1133
5.1550,0.1094
5.0595,0.0938
5.4012,0.0742
4.9545,0.1602
5.1580,0.1602
5.0763,0.1328
4.9599,0.1523
4.6991,0.1562
5.0767,0.1055
5.0459,0.1367
4.9925,0.1602
5.1290,0.0898
5.1880,0.1094
5.2273,0.1133
4.9390,0.1406
4.8760,0.1133
5.2956,0.0703
4.8359,0.1484
5.3239,0.1211
5.1028,0.1250
5.3348,0.0938
5.0691,0.1445
4.8773,0.1523
5.1815,0.1367
5.0489,0.1016
5.0999,0.0898
4.9100,0.0820
5.1479,0.1094
5.0368,0.1289
5.0140,0.1172
5.0565,0.1406
4.8954,0.1289
5.0884,0.1328
5.2393,0.1172
5.1661,0.1016
5.1064,0.0898
5.1221,0.1133
5.2427,0.1133
5.0152,0.1055
4.8231,0.1211
5.0257,0.0742
4.9195,0.1016
5.1479,0.1328
5.0161,0.1562
5.1526,0.1328
5.0153,0.1445
5.1013,0.1289
4.8514,0.1289
4.7975,0.1289
5.0746,0.1094
5.0537,0.1133
5.1115,0.1094
5.0479,0.1328
5.1102,0.1328
4.9973,0.1016
4.7429,0.1211
4.7190,0.1406
5.1022,0.1250
5.0353,0.1094
5.2591,0.1094
4.5957,0.1602
4.8750,0.1523
5.0114,0.1055
5.1439,0.1133
4.8897,0.1562
4.6426,0.1836
5.1119,0.1719
4.9068,0.1602
5.0905,0.1133
5.1526,0.1172
5.1154,0.0977
5.1280,0.1289
5.0578,0.1523
5.0383,0.1523
4.9577,0.1445
5.3516,0.1289
4.9411,0.1094
5.0078,0.1133
4.8297,0.1328
4.6875,0.1484
4.9410,0.1016
5.0396,0.1172
4.9551,0.1211
5.0200,0.1016
5.4203,0.1133
4.8654,0.1016
4.9776,0.1523
4.8272,0.1289
5.3335,0.1211
5.0942,0.1328
4.9229,0.1250
5.0598,0.1445
4.9752,0.1172
5.2074,0.1211
5.2473,0.0820
5.2279,0.0859
4.9841,0.1016
5.2947,0.0898
5.0503,0.1406
4.9354,0.1406
4.9040,0.1484
5.0262,0.1406
5.0505,0.1406
5.3780,0.0977
5.1123,0.1211
5.1175,0.1445
4.9751,0.1641
5.3840,0.1055
5.2502,0.0977
4.9867,0.1250
5.2790,0.1211
5.3797,0.1367
4.8354,0.1328
4.9608,0.1328
5.0238,0.1211
4.9431,0.1797
5.1306,0.1562
5.1319,0.1172
4.9640,0.1328
4.9671,0.1484
5.0263,0.1797
5.4249,0.1016
5.1474,0.1328
4.9171,0.1484
4.8185,0.1641
5.3024,0.1250
4.9405,0.1562
4.9116,0.0977
5.0454,0.1328
4.8563,0.1328
4.8629,0.1523
4.9730,0.1523
5.0790,0.1367
5.0559,0.1445
5.0260,0.1641
4.8834,0.1211
4.7493,0.1250
4.7978,0.1406
4.9013,0.1250
4.7058,0.1484
5.1764,0.1016
5.3105,0.1406
4.8363,0.1016
5.1403,0.1289
4.9036,0.1133
4.9724,0.1211
4.7785,0.1680
5.2655,0.1289
5.2001,0.1172
4.9352,0.1523
5.0115,0.1133
4.7858,0.1055
4.9244,0.1289
4.9726,0.1484
5.0254,0.1445
4.9723,0.0977
4.7094,0.1250
4.9269,0.1445
4.9044,0.1328
4.9150,0.1602
4.9797,0.1406
5.1234,0.1133
5.0002,0.1484
4.8778,0.1484
4.9067,0.1680
4.6591,0.1328
4.7012,0.1875
4.7778,0.1523
5.0694,0.1367
4.9836,0.1562
4.8887,0.1289
4.7523,0.1523
4.9129,0.1211
5.3401,0.1016
4.9038,0.1367
4.9028,0.1406
4.9245,0.1445
5.0099,0.1289
5.0116,0.1406
5.0761,0.1562
4.7847,0.1523
5.1155,0.1172
4.9529,0.1289
4.9376,0.1602
4.7730,0.1328
5.1287,0.1211
5.0547,0.1094
5.0279,0.1211
5.5147,0.1133
5.1208,0.1133
5.3958,0.1211
5.2199,0.1562
4.7797,0.1758
5.0013,0.1445
4.6490,0.1523
4.8985,0.1172
5.2850,0.1211
5.1757,0.1367
5.2567,0.1172
5.2176,0.1328
5.0848,0.1641
5.0308,0.0820
5.0722,0.1367
5.1418,0.1172
5.0114,0.1523
4.9478,0.1523
5.1079,0.1367
4.8261,0.1445
5.0259,0.1328
5.0175,0.1445
5.4836,0.1406
4.9395,0.1641
4.6912,0.1562
5.0301,0.1172
4.7243,0.1680
5.0458,0.1367
5.1617,0.1758
5.0972,0.1602
4.8967,0.1523
5.0749,0.1367
5.0487,0.1367
4.7041,0.1250
4.9733,0.1719
5.0626,0.1289
5.0902,0.1211
4.6668,0.1680
4.9472,0.1328
4.7621,0.1328
4.8456,0.1289
4.9254,0.1211
5.1290,0.1328
4.7465,0.1367
4.7210,0.1406
4.5007,0.1797
5.2306,0.1055
4.9115,0.1172
4.7991,0.1562
4.9569,0.1250
4.7980,0.1641
4.8588,0.1641
5.0200,0.1328
5.0444,0.1133
4.8288,0.1797
4.9654,0.1172
4.7074,0.1602
4.8811,0.1289
4.7179,0.1484
4.9928,0.1211
4.8855,0.1445
4.8608,0.1016
4.7486,0.1328
4.7227,0.1133
4.4922,0.1719
5.0603,0.1133
4.8715,0.1367
5.0007,0.1328
5.2029,0.0820
4.9391,0.1289
4.9891,0.1562
4.9873,0.1641
4.6349,0.1289
4.5861,0.1484
4.9592,0.1641
5.0238,0.1055
5.0275,0.1367
5.0193,0.1133
4.9591,0.1094
4.7360,0.1680
5.1284,0.1250
4.8691,0.1523
4.9422,0.1445
4.9033,0.1602
4.7808,0.1523
4.9449,0.1562
4.9289,0.1211
5.0529,0.1445
5.0077,0.1289
4.9227,0.1523
5.1739,0.1250
4.9213,0.1250
4.9158,0.1680
4.9091,0.1445
5.3521,0.1328
4.9486,0.1602
4.9683,0.1289
4.9265,0.1602
4.8034,0.1406
4.8707,0.1562
5.2004,0.1289
4.7589,0.1484
4.8121,0.1250
4.6923,0.1523
5.2699,0.1289
4.9315,0.1602
4.9344,0.1680
4.8998,0.1406
4.8816,0.1172
5.0973,0.1094
5.1380,0.1445
4.9123,0.1211
4.6536,0.1641
4.9263,0.1211
4.8162,0.1641
5.1140,0.1055
5.1463,0.1406
5.0040,0.1328
4.5261,0.1719
5.3435,0.1406
5.0296,0.1641
4.9146,0.1289
4.9640,0.1484
4.7274,0.1328
4.9994,0.1328
4.6501,0.1641
4.7194,0.1367
5.0357,0.1055
5.1593,0.1328
5.2855,0.1211
4.8156,0.1562
4.8773,0.1602
4.7950,0.1523
4.9247,0.1328
5.0839,0.1445
4.8375,0.1484
4.6983,0.1758
5.1497,0.1406
4.8437,0.1445
4.8572,0.1797
5.1724,0.1367
4.7792,0.1758
5.2258,0.1328
5.2265,0.1367
5.0723,0.1289
5.0708,0.1328
5.1824,0.1836
4.9351,0.1445
4.8135,0.1133
5.3836,0.1094
4.9465,0.1641
5.2501,0.1289
4.9706,0.1016
5.1534,0.1211
4.9296,0.1328
5.0443,0.1250
5.0126,0.1250
5.0817,0.1055
5.0913,0.1367
4.9720,0.1367
5.1392,0.1133
5.1113,0.1250
4.9545,0.0977
4.9589,0.1602
5.1848,0.1875
5.1701,0.1328
5.1122,0.1523
5.1448,0.2109
5.0827,0.1289
4.9452,0.1289
4.9829,0.1719
4.8153,0.1797
5.1718,0.1211
4.7769,0.1797
5.0361,0.1289
4.8619,0.1680
4.8379,0.1719
4.9918,0.1406
4.7372,0.1406
5.1062,0.1211
4.8990,0.1992
4.9950,0.1406
4.9481,0.1367
4.7824,0.1797
5.0834,0.1016
4.9920,0.1523
5.0201,0.0977
4.9119,0.1602
4.7851,0.1875
4.8924,0.1602
4.9396,0.1406
4.7478,0.1992
4.9348,0.1406
4.8352,0.1406
4.8125,0.1367
4.9538,0.1562
4.8877,0.1328
4.8563,0.1445
5.2072,0.1133
5.2018,0.1055
4.9539,0.1250
5.0597,0.1328
5.0156,0.1250
4.8330,0.1484
5.2764,0.0820
5.1145,0.1250
5.0758,0.1289
5.2520,0.0938
5.0192,0.1602
4.8003,0.1445
4.7397,0.1289
4.6365,0.1562
5.0355,0.1328
4.7255,0.1602
4.9880,0.1289
5.0891,0.1445
4.8850,0.1055
4.9238,0.1328
4.7852,0.1602
4.9782,0.1445
5.0220,0.1523
5.0991,0.1367
5.1419,0.1172
4.8979,0.1562
4.9466,0.1836
5.0402,0.1172
4.6181,0.2109
4.9960,0.1094
5.3580,0.1133
4.9161,0.1641
4.9117,0.1523
4.7639,0.1211
5.0217,0.1133
4.7731,0.1172
5.0884,0.1133
5.0480,0.1328
4.9625,0.1094
5.2223,0.0898
5.0282,0.1406
5.0799,0.1523
5.1502,0.1406
5.1354,0.1641
5.0296,0.1289
5.1033,0.1172
4.6182,0.1484
4.8859,0.1484
4.7208,0.1211
4.7122,0.1484
4.9406,0.1016
4.8261,0.1328
4.8373,0.1719
4.7166,0.1445
4.5600,0.1445
4.7255,0.1797
4.8987,0.1367
4.8236,0.1250
4.7872,0.1367
4.8030,0.1562
4.6900,0.1797
4.5900,0.1406
4.7040,0.1484
4.6333,0.1641
4.7349,0.1680
4.5530,0.1836
4.3174,0.1875
4.6396,0.1094
4.5780,0.1172
4.6217,0.1445
4.5326,0.1641
4.6112,0.1758
4.7435,0.1094
4.4877,0.1445
4.3477,0.2188
4.4665,0.1367
4.4743,0.1914
4.5511,0.1562
4.7946,0.1094
4.6380,0.1250
4.5937,0.1445
4.5369,0.1641
4.4644,0.1445
4.6199,0.1445
4.4097,0.1445
4.3365,0.1719
4.3699,0.1641
4.7583,0.1328
4.4108,0.1758
4.3322,0.1758
4.3854,0.1797
4.3884,0.1367
4.4374,0.1680
4.5695,0.1523
4.3440,0.1406
4.4287,0.1523
4.1667,0.1641
4.5100,0.1367
4.0579,0.1914
4.3673,0.1602
4.4445,0.1797
4.0235,0.2109
4.3427,0.1992
4.1927,0.2070
4.6198,0.1328
4.4326,0.1484
4.5730,0.1797
4.3299,0.1641
4.2089,0.1641
4.3280,0.1641
4.1313,0.1641
4.2557,0.1172
4.3280,0.1328
4.5469,0.1602
4.4033,0.1094
4.2706,0.1445
4.2259,0.1758
4.5640,0.1445
4.3499,0.1602
4.3469,0.1562
4.3089,0.1523
4.0198,0.2109
4.2530,0.1211
4.2796,0.1641
4.1822,0.1719
4.2359,0.1484
4.1316,0.1797
4.3443,0.1523
4.2077,0.1445
4.2098,0.1758
4.2085,0.1875
4.4596,0.1211
4.0937,0.1641
4.1685,0.1328
4.1964,0.1602
4.2503,0.1367
4.3378,0.1875
4.2123,0.1445
4.3278,0.1953
4.1907,0.1602
4.1018,0.1914
4.1047,0.2031
4.3622,0.1680
4.2218,0.1953
4.2547,0.1758
4.2558,0.1406
4.2116,0.2070
4.3836,0.1445
4.1954,0.2031
3.9756,0.1992
3.9987,0.2031
4.1769,0.1484
3.9867,0.1758
4.3031,0.1484
4.1869,0.1641
4.1984,0.1797
4.4930,0.1484
4.2683,0.1719
4.7084,0.1172
4.4216,0.1445
4.6541,0.1016
4.4875,0.1484
4.5023,0.1445
4.3271,0.1367
4.3521,0.1797
4.4559,0.1523
4.1841,0.1680
4.2468,0.1445
4.4367,0.1680
4.1067,0.2148
4.3396,0.1953
4.2706,0.1602
4.1659,0.1719
4.3871,0.1562
4.0132,0.1953
4.1987,0.1602
4.3428,0.1836
4.0880,0.1953
4.3266,0.1758
4.3663,0.1445
4.2980,0.1406
4.0189,0.1797
4.1930,0.1523
4.4101,0.1758
4.1089,0.2031
4.2596,0.1719
4.1789,0.2148
4.0520,0.1641
4.0342,0.1836
3.9825,0.1836
4.3190,0.1445
3.9992,0.2070
4.1050,0.1758
4.2689,0.1602
4.0449,0.1836
4.0121,0.1836
4.2050,0.1328
3.8136,0.2070
4.2095,0.1562
4.3293,0.1680
4.2211,0.1719
3.9862,0.2070
4.0675,0.1914
4.0148,0.2148
4.1733,0.1562
4.1376,0.1992
3.9348,0.1914
3.9009,0.1758
4.1227,0.1836
4.1031,0.1992
4.2210,0.1602
4.0797,0.1328
4.2810,0.1680
4.1239,0.2031
4.2641,0.1641
4.0240,0.1992
4.0376,0.2188
4.2159,0.1523
3.9490,0.2383
3.9580,0.2383
4.1618,0.1875
4.0980,0.1680
3.8736,0.2383
4.0668,0.1758
4.0379,0.1523
4.2614,0.1562
4.1556,0.1836
4.2243,0.1914
4.0055,0.2188
4.0642,0.1797
4.1542,0.2344
4.1653,0.1797
4.2062,0.1914
4.3395,0.1367
4.4020,0.1211
4.0214,0.1562
4.0959,0.1875
4.3974,0.1289
4.0740,0.1953
4.0963,0.2148
4.2386,0.1602
3.9571,0.1719
4.1207,0.1836
4.2055,0.1836
4.0851,0.1328
4.3735,0.1641
4.4190,0.1680
4.2824,0.2188
4.1624,0.1797
3.8515,0.2539
4.1189,0.1641
4.1629,0.2188
4.2373,0.1914
4.0677,0.1836
4.2951,0.1523
3.9189,0.2148
4.1979,0.1758
4.0257,0.2070
4.0808,0.1875
4.0478,0.1797
3.7394,0.2070
4.2346,0.1914
4.1808,0.1914
3.9066,0.2148
4.2791,0.1719
3.9428,0.1992
4.2856,0.1523
4.1744,0.1914
4.1793,0.1914
4.0256,0.2266
4.2797,0.1641
4.2536,0.1562
4.1002,0.1992
4.2628,0.1562
3.9636,0.2383
4.2486,0.1797
3.8338,0.2383
3.9604,0.1953
4.1060,0.1953
4.2568,0.1875
4.2981,0.1797
4.1123,0.1797
4.1792,0.1523
4.0747,0.1758
4.3075,0.1641
4.2092,0.2031
4.0435,0.2188
4.1937,0.1953
4.1299,0.2031
4.0070,0.2031
4.4181,0.1523
4.0690,0.2344
3.7379,0.2383
3.8452,0.1914
4.3376,0.1328
4.0731,0.1914
4.3170,0.1289
4.0304,0.2070
4.1129,0.2266
3.9287,0.1875
4.1384,0.1914
4.4667,0.1367
4.1977,0.1758
4.0622,0.1641
4.0541,0.1758
3.9330,0.2383
3.9759,0.2188
4.0245,0.2227
4.0650,0.1875
3.9545,0.2070
3.8175,0.2344
4.1590,0.1992
4.2039,0.1758
3.9957,0.2070
3.9367,0.2109
3.9319,0.1914
4.2706,0.1758
4.0482,0.1836
4.0603,0.1953
3.9325,0.2188
4.0501,0.1953
4.1771,0.1367
3.7864,0.2148
4.0005,0.1758
3.8701,0.2148
3.9585,0.2031
4.0477,0.2070
4.1665,0.1758
3.8685,0.1680
4.0855,0.1602
3.8962,0.2305
4.1692,0.1875
3.9896,0.2227
4.2025,0.2148
4.2406,0.1992
4.0033,0.2227
4.0613,0.2031
3.8398,0.2695
4.2167,0.1836
4.0547,0.1914
4.1181,0.1953
4.3071,0.1836
3.9422,0.2109
4.0333,0.2148
4.1195,0.1680
4.1695,0.1602
3.9685,0.2031
4.0389,0.1758
4.1318,0.1641
4.0329,0.2070
3.9663,0.1758
4.0612,0.1758
3.8670,0.2148
4.0815,0.1953
3.9381,0.2305
4.0692,0.1797
4.1739,0.1992
4.1311,0.1875
4.2788,0.1719
4.0330,0.1719
4.0675,0.1875
4.1693,0.1719
4.0360,0.1992
4.2718,0.1758
4.2222,0.1719
4.2930,0.1680
4.0932,0.1914
4.0115,0.1719
4.2589,0.1875
4.0655,0.2109
4.2113,0.1797
3.9775,0.1875
3.9401,0.1602
4.0434,0.1992
4.1702,0.2305
3.8372,0.2344
4.0074,0.2070
4.2174,0.1953
3.7270,0.1875
3.8793,0.2031
4.2684,0.1328
4.1314,0.1953
3.7058,0.2266
3.9783,0.1875
4.0135,0.1914
4.0328,0.1523
4.2874,0.1289
4.0042,0.2109
3.8354,0.2422
4.0882,0.1875
4.1492,0.1836
4.0317,0.1875
3.8375,0.2148
3.8656,0.2422
3.9568,0.2148
3.8471,0.2305
4.1560,0.1484
3.8016,0.2031
3.7612,0.2148
4.1057,0.1875
4.0863,0.2148
3.8656,0.2305
4.0251,0.2305
4.1214,0.2109
3.9847,0.2109
3.8212,0.2422
4.0207,0.2109
4.3618,0.1797
3.8576,0.2188
3.9310,0.2227
4.2143,0.1562
4.1586,0.1836
3.9257,0.1836
3.9228,0.2148
4.0588,0.1797
4.1732,0.1758
3.9241,0.1953
4.1247,0.1562
3.8425,0.2070
4.0845,0.1758
3.7791,0.2109
3.8799,0.2578
4.1568,0.1797
3.9181,0.2227
3.9961,0.1836
3.9567,0.1758
4.1186,0.2227
3.9610,0.1836
4.1102,0.2188
3.6515,0.2969
4.1033,0.2070
4.3384,0.1797
3.7901,0.2461
4.2295,0.1953
4.1944,0.2109
3.8284,0.2031
4.3070,0.1875
3.9065,0.2227
3.7706,0.2188
4.2212,0.1602
4.0507,0.1953
3.8491,0.1992
4.0351,0.1562
4.1432,0.1992
3.9450,0.2109
3.8465,0.2422
3.8320,0.2227
4.0053,0.2109
4.1764,0.1914
3.9658,0.2422
3.9028,0.2148
3.8819,0.1914
4.2240,0.1953
4.2682,0.1523
3.8098,0.2305
3.8225,0.1719
4.0710,0.1797
4.0400,0.2188
4.0073,0.2305
3.9586,0.2031
3.8672,0.2227
4.1422,0.1992
4.0246,0.2070
3.7921,0.2383
3.8787,0.2148
3.9497,0.2070
4.0662,0.2070
4.0493,0.2188
3.7857,0.2305
3.7027,0.2266
3.9761,0.2109
3.8855,0.2266
3.9924,0.2266
4.2264,0.1680
3.8725,0.1875
3.8530,0.2070
3.6042,0.2578
4.0584,0.2031
3.8102,0.2344
3.9538,0.2305
3.8945,0.2109
3.9085,0.2578
3.9561,0.2266
3.8792,0.2148
4.1136,0.1992
3.9556,0.2461
3.7918,0.2266
4.1921,0.1602
4.0237,0.1875
3.7497,0.2383
3.7295,0.2422
4.0385,0.1914
3.8336,0.2422
4.3432,0.1992
4.0577,0.1992
4.1054,0.2031
3.8607,0.2266
4.1949,0.1367
3.8869,0.1836
3.6831,0.2422
3.8961,0.2227
3.8573,0.2266
4.2380,0.1562
3.8398,0.2148
3.9480,0.1836
4.1556,0.1641
3.8166,0.1992
3.9476,0.2109
4.1249,0.1914
3.8797,0.2422
3.9740,0.2227
3.9196,0.1992
4.0351,0.1641
3.6982,0.2852
3.7085,0.2344
4.0638,0.1719
3.9550,0.2031
3.6626,0.2500
3.8653,0.2109
3.9051,0.2500
4.3370,0.1719
4.0428,0.1562
3.9889,0.2031
3.8166,0.2109
3.7809,0.2227
4.2002,0.1602
3.9599,0.2227
3.7421,0.2266
3.9838,0.2305
3.9839,0.1992
4.0310,0.1914
3.8919,0.1641
3.7881,0.2344
3.8174,0.2344
4.0192,0.2148
3.7634,0.2422
4.0172,0.1797
3.8376,0.2422
4.1314,0.1719
4.0384,0.1914
3.7221,0.2344
3.8583,0.2305
3.8085,0.2188
4.1750,0.1836
4.0071,0.2344
3.8087,0.2539
3.8918,0.2500
3.9863,0.1914
3.9613,0.1992
3.7849,0.2773
3.9413,0.2266
4.0279,0.2031
3.7703,0.2148
3.9429,0.2383
3.8176,0.2578
3.9107,0.2227
3.8247,0.2344
3.6240,0.2812
3.5183,0.2852
3.7097,0.2852
3.8818,0.2148
4.0439,0.1602
3.6716,0.2812
4.0607,0.2109
3.9237,0.2070
3.8608,0.2500
3.8510,0.2539
3.6885,0.2891
3.6726,0.2188
3.9611,0.2500
3.6532,0.2227
3.9386,0.2422
3.8900,0.2344
4.0692,0.2148
3.7375,0.2305
3.9902,0.1914
3.9891,0.2266
3.8751,0.2148
3.7302,0.2188
3.9378,0.1836
3.9856,0.1875
3.7507,0.2227
3.8365,0.2148
